source,target,weight,chapter_count,explicit_target_events,adjacent_turn_events,sample_evidence,relation_definition
诸葛亮,刘备,49,20,5,44,"Chapter 38, P038-007: 二人叙礼，分宾主而坐。童子献茶。茶罢，孔明曰：「昨观书意，足见将军忧民忧国之心；但恨亮年幼才疏，有误下问。」玄德曰：「司马德操之言，徐元直之语，岂虚谈哉？望先生不弃鄙贱，曲赐教诲。」孔明曰：「德操、元直，世之高士。亮乃一耕夫耳，安敢谈天下事？二公谬举矣。将军奈何舍美玉而求顽石乎？」玄德曰：「大丈夫抱经世奇才，岂可空老于林泉之下？愿先生以天下苍生为念，开备愚鲁而赐教。」孔明笑曰：「愿闻将军之志。」玄德屏人促席而告曰：「汉室倾颓，奸臣窃命，备不量力，欲伸大义于天下，而智术浅短，迄无所就。惟先生开其愚而拯厄，实为万幸。」 || Chapter 38, P038-007: 二人叙礼，分宾主而坐。童子献茶。茶罢，孔明曰：「昨观书意，足见将军忧民忧国之心；但恨亮年幼才疏，有误下问。」玄德曰：「司马德操之言，徐元直之语，岂虚谈哉？望先生不弃鄙贱，曲赐教诲。」孔明曰：「德操、元直，世之高士。亮乃一耕夫耳，安敢谈天下事？二公谬举矣。将军奈何舍美玉而求顽石乎？」玄德曰：「大丈夫抱经世奇才，岂可空老于林泉之下？愿先生以天下苍生为念，开备愚鲁而赐教。」孔明笑曰：「愿闻将军之志。」玄德屏人促席而告曰：「汉室倾颓，奸臣窃命，备不量力，欲伸大义于天下，而智术浅短，迄无所就。惟先生开其愚而拯厄，实为万幸。」 || Chapter 38, P038-008: 孔明曰：「自董卓造逆以来，天下豪杰并起。曹操势不及袁绍，而竟能克绍者，非惟天时，抑亦人谋也。今操已拥百万之众，挟天子以令诸侯，此诚不可与争锋。孙权据有江东，已历三世，国险而民附，此可用为援，而不可图也。荆州北据汉沔，利尽南海，东连吴会，西通巴蜀，此用武之地，非其主不能守。是殆天所以资将军，将军岂可弃乎？益州险塞，沃野千里，天府之国，高祖因之以成帝业。今刘璋暗弱，民殷国富，而不知存恤，智能之士，思得明君。将军既帝室之胄，信义著于四海，总揽英雄，思贤如渴，若跨有荆益，保其岩阻，西和诸戎，南抚彝越，外结孙权，内修政理；待天下有变，则命一上将，将荆州之兵，以向宛洛；将军身率益州之众，以出秦川，百姓有不箪食壸浆以迎将军者乎？诚如是，则大业可成，汉室可兴矣。此亮所以为将军谋者也。惟将军图之。」言罢，命童子取出画一轴，挂于中堂，指谓玄德曰：「此西川五十四州之图也。将军欲成霸业，北让曹操占天时，南让孙权占地利，将军可占人和。先取荆州为家，后即取西川建基业，以成鼎足之势，然后可图中原也。」",named_dialogue_transition
刘备,诸葛亮,47,21,8,39,"Chapter 38, P038-007: 二人叙礼，分宾主而坐。童子献茶。茶罢，孔明曰：「昨观书意，足见将军忧民忧国之心；但恨亮年幼才疏，有误下问。」玄德曰：「司马德操之言，徐元直之语，岂虚谈哉？望先生不弃鄙贱，曲赐教诲。」孔明曰：「德操、元直，世之高士。亮乃一耕夫耳，安敢谈天下事？二公谬举矣。将军奈何舍美玉而求顽石乎？」玄德曰：「大丈夫抱经世奇才，岂可空老于林泉之下？愿先生以天下苍生为念，开备愚鲁而赐教。」孔明笑曰：「愿闻将军之志。」玄德屏人促席而告曰：「汉室倾颓，奸臣窃命，备不量力，欲伸大义于天下，而智术浅短，迄无所就。惟先生开其愚而拯厄，实为万幸。」 || Chapter 38, P038-007: 二人叙礼，分宾主而坐。童子献茶。茶罢，孔明曰：「昨观书意，足见将军忧民忧国之心；但恨亮年幼才疏，有误下问。」玄德曰：「司马德操之言，徐元直之语，岂虚谈哉？望先生不弃鄙贱，曲赐教诲。」孔明曰：「德操、元直，世之高士。亮乃一耕夫耳，安敢谈天下事？二公谬举矣。将军奈何舍美玉而求顽石乎？」玄德曰：「大丈夫抱经世奇才，岂可空老于林泉之下？愿先生以天下苍生为念，开备愚鲁而赐教。」孔明笑曰：「愿闻将军之志。」玄德屏人促席而告曰：「汉室倾颓，奸臣窃命，备不量力，欲伸大义于天下，而智术浅短，迄无所就。惟先生开其愚而拯厄，实为万幸。」 || Chapter 39, P039-010: 孔明以目视玄德。玄德曰：「容徐思良策。」遂辞出，回至馆驿。孔明曰：「景升欲以荆州付主公，奈何却之？」玄德曰：「景升待我，恩礼交至，安忍乘其危而夺之？」孔明叹曰：「真仁慈之主也！」",named_dialogue_transition
张飞,刘备,23,12,0,23,"Chapter 11, P011-022: 玄德坚执不肯。陶谦泣下曰：「君若舍我而去，我死不瞑目矣！」云长曰：「既承陶公相让，兄且权领州事。」张飞曰：「又不是我强要他的州郡；他好意相让，何必苦苦推辞？」玄德曰：「汝等欲陷我于不义耶？」陶谦推让再三，玄德只是不受。陶谦曰：「如玄德必不肯从，此间近邑，名小沛，足可屯军。请玄德暂驻军此邑，以保徐州，何如？」众皆劝玄德留小沛，玄德从之。陶谦劳军已毕，赵云辞去，玄德执手挥泪而别。孔融、田楷亦各相别，引军自回。玄德与关、张引本部军来至小沛，修葺城垣，抚谕居民。 || Chapter 14, P014-024: 却说刘玄德在徐州，闻帝幸许都，正欲上表庆贺。忽报天使至，出郭迎接入郡，拜受恩命毕，设宴管待来使。使曰：「君侯得此恩命，实曹将军于帝前保荐之力也。」玄德称谢。使者乃取出私书递与玄德。玄德看罢，曰：「此事尚容计议。」席散，安歇来使于馆驿。玄德夜与众商议此事。张飞曰：「吕布本无义之人，杀之何碍？」玄德曰：「他势穷而来投我，我若杀之，亦是不义。」张飞曰：「好人难做！」玄德不从。 || Chapter 14, P014-026: 吕布再三拜谢。备留布饮酒，至晚方回。关、张曰：「兄长何故不杀吕布？」玄德曰：「此曹孟德恐我与吕布同谋伐之，故用此计，使我两人自相吞并，彼却于中取利。奈何为所使乎？」关公点头道是。张飞曰：「我只要杀此贼以绝后患！」玄德曰：「此非大丈夫之所为也。」",named_dialogue_transition
关羽,刘备,17,11,1,16,"Chapter 14, P014-029: 遂点军马，克日起程。孙干曰：「可先定守城之人。」玄德曰：「二弟之中，谁人可守？」关公曰：「弟愿守此城。」玄德曰：「吾早晚欲与尔议事，岂可相离？」张飞曰：「小弟愿守此城。」玄德曰：「你守不得此城。你一者酒后刚强，鞭打士卒；二者作事轻易，不从人谏。吾不于心。」 || Chapter 20, P020-011: 围场已罢，宴于许田。宴毕，驾回许都。众人各自归歇。云长问玄德曰：「操贼欺君罔上，我欲杀之，为国除害，兄何止我？」玄德曰：「『投鼠忌器』。操与帝相离只一马头，其心腹之人，周回拥侍；吾弟若逞一时之怒，轻有举动，倘事不成，有伤天子，罪反坐我等矣。」云长曰：「今日不杀此贼，后必为祸。」玄德曰：「且宜秘之，不可轻言。」 || Chapter 20, P020-011: 围场已罢，宴于许田。宴毕，驾回许都。众人各自归歇。云长问玄德曰：「操贼欺君罔上，我欲杀之，为国除害，兄何止我？」玄德曰：「『投鼠忌器』。操与帝相离只一马头，其心腹之人，周回拥侍；吾弟若逞一时之怒，轻有举动，倘事不成，有伤天子，罪反坐我等矣。」云长曰：「今日不杀此贼，后必为祸。」玄德曰：「且宜秘之，不可轻言。」",named_dialogue_transition
刘备,张飞,16,10,1,15,"Chapter 5, P005-009: 且说北平太守公孙瓒，统领精兵一万五千，路经德州平原县。正行之间，遥见桑树丛中，一面黄旗，数骑来迎。瓒视之，乃刘玄德也。瓒问曰：「贤弟何故在此？」玄德曰：「旧日蒙兄保备为平原县令，今闻大军过此，特来奉候，就请兄长入城歇马。」瓒指关、张而问曰：「此何人也？」玄德曰：「此关羽，张飞，备结义兄弟也。」瓒曰：「乃同破黄巾者乎？」玄德曰：「皆此二人之力。」瓒曰：「今居何职？」玄德答曰：「关羽为马弓手，张飞为步弓手。」瓒叹曰：「如此可谓埋没英雄！今董卓作乱，天下诸侯，共往诛之。贤弟可弃此卑官，一同讨贼，力扶汉室，若何？」玄德曰：「愿往。」张飞曰：「当时若容我杀了此贼，免有今日之事。」云长曰：「事已至此，即当收拾前去。」 || Chapter 13, P013-003: 有人报知玄德。玄德曰：「布乃当今英勇之士，可出迎之。」糜竺曰：「吕布乃虎狼之徒，不可收留；收则伤人矣。」玄德曰：「前者非布袭兖州，怎解此郡之祸？今彼穷而投我，岂有他心？」张飞曰：「哥哥心肠忒好。虽然如此，也要准备。」 || Chapter 14, P014-024: 却说刘玄德在徐州，闻帝幸许都，正欲上表庆贺。忽报天使至，出郭迎接入郡，拜受恩命毕，设宴管待来使。使曰：「君侯得此恩命，实曹将军于帝前保荐之力也。」玄德称谢。使者乃取出私书递与玄德。玄德看罢，曰：「此事尚容计议。」席散，安歇来使于馆驿。玄德夜与众商议此事。张飞曰：「吕布本无义之人，杀之何碍？」玄德曰：「他势穷而来投我，我若杀之，亦是不义。」张飞曰：「好人难做！」玄德不从。",named_dialogue_transition
诸葛亮,关羽,13,4,0,13,"Chapter 39, P039-020: 却说玄德自得孔明，以师礼待之。关、张二人不悦曰：「孔明年幼，有甚才学！兄长待之太过！又未见他真实效验！」玄德曰：「吾得孔明，犹鱼之得水也。两弟勿复多言。」关、张见说，不言而退。一日，有人送牦牛尾至。玄德取尾亲自结帽。孔明入见，正色曰：「明公无复有远志，但事此而已耶？」玄德投帽于地而谢曰：「吾聊假此以忘忧耳。」孔明曰：「明公自度比曹操若何？」玄德曰：「不如也。」孔明曰：「明公之众，不过数千人，万一曹兵至，何以迎之？」玄德曰：「吾正愁此事，未得良策。」孔明曰：「可速招募民兵，亮自教之，可以待敌。」玄德遂招新野之民，得三千人。孔明朝夕教演阵法。忽报曹操差夏侯惇引兵十万，杀奔新野来了。张飞闻知，谓云长曰：「可著孔明前去迎敌便了。」 || Chapter 39, P039-021: 正说之间，玄德召二人入，谓曰：「夏侯惇引兵到来，如何迎敌？」张飞曰：「哥哥何不使『水』去？」玄德曰：「智赖孔明，勇须二弟，何可推诿？」关、张出，玄德请孔明商议。孔明曰：「但恐关、张二人，不肯听吾号令。主公若欲亮行兵，乞假剑印。」玄德便以剑印付孔明，孔明遂聚集众将听令。张飞谓云长曰：「且听令去．看他如何调度。」 || Chapter 49, P049-026: 时云长在侧，孔明全然不睬。云长忍耐不住，乃高声曰：「关某自随兄长征战多年来，未尝落后。今日逢大敌，军师却不委用，此是何意？」孔明笑曰：「云长勿怪！某本欲烦足下把一个最紧要的隘口，怎奈有些远碍处，不敢教去。」云长曰：「有何违碍？愿即见谕。」孔明曰：「昔日曹操待足下甚厚，足下当有以报之。今日操兵败，必走华容道。若令足下去时，必然放他过去。因此不敢教去。」",named_dialogue_transition
关羽,诸葛亮,12,4,0,12,"Chapter 39, P039-023: 云长曰：「我等皆出迎敌，未审军师却作何事？」孔明曰：「我只坐守此城。」张飞大笑曰：「我们都去厮杀，你却在家里坐地，好自在！」孔明曰：「剑印在此，违令者斩！」玄德曰：「岂不闻『运筹帷幄之中，决胜千里之外』？二弟不可违令。」张飞冷笑而去。云长曰：「我们且看他的计应也不应，那时却来问他未迟。」 || Chapter 49, P049-026: 时云长在侧，孔明全然不睬。云长忍耐不住，乃高声曰：「关某自随兄长征战多年来，未尝落后。今日逢大敌，军师却不委用，此是何意？」孔明笑曰：「云长勿怪！某本欲烦足下把一个最紧要的隘口，怎奈有些远碍处，不敢教去。」云长曰：「有何违碍？愿即见谕。」孔明曰：「昔日曹操待足下甚厚，足下当有以报之。今日操兵败，必走华容道。若令足下去时，必然放他过去。因此不敢教去。」 || Chapter 49, P049-027: 云长曰：「军师好多心！当日曹操果是重待某，某已斩颜良，诛文丑，解白马之围，报过他了。今日撞见，岂肯轻放！」孔明曰：「倘若放了时，却如何？」云长曰：「愿依军法。」孔明曰：「如此，立下军令状。」云长便与了军令状。云长曰：「若曹操不从那条路上来，如何？」孔明曰：「我亦与你军今状。」",named_dialogue_transition
刘备,关羽,9,6,0,9,"Chapter 14, P014-029: 遂点军马，克日起程。孙干曰：「可先定守城之人。」玄德曰：「二弟之中，谁人可守？」关公曰：「弟愿守此城。」玄德曰：「吾早晚欲与尔议事，岂可相离？」张飞曰：「小弟愿守此城。」玄德曰：「你守不得此城。你一者酒后刚强，鞭打士卒；二者作事轻易，不从人谏。吾不于心。」 || Chapter 14, P014-032: 那纪灵乃山东人，使一口三尖刀，重五十斤。是日引兵出，大骂：「刘备村夫，安敢侵吾境界！」玄德曰：「吾奉天子诏，以讨不臣。汝今敢来相拒，罪不容诛！」纪灵大怒，拍马舞刀，直取玄德。关公大喝曰：「匹夫休得逞强！」出马与纪灵大战。一连三十合，不分胜负。纪灵大叫少歇，关公便拨马回阵，立于阵前候之。纪灵却遣副将荀正出马。关公曰：「只教纪灵来，与他决个雌雄！」荀正曰：「汝乃无名下将，非纪将军对手！」关公大怒，直取荀正；交马一合，砍荀正于马下。玄德驱兵杀将过去，纪灵大败退守淮阴河口，不敢交战；只教军士来偷营劫寨，皆被徐州兵杀败。两军相拒，不在话下。 || Chapter 14, P014-040: 却说张飞引数十骑，直到盱眙见玄德，具说曹豹与吕布里应外合，夜袭徐州。众皆失色。玄德叹曰：「得何足喜，失何足忧！」关公曰：「嫂嫂安在？」飞曰：「皆陷于城中矣。」玄德默然无语。关公顿足埋怨曰：「你当初要守城时，说甚来？兄长吩咐你甚来？今日城池又失了，嫂嫂又陷了，如何是好！」张飞闻言，惶恐无地，掣剑欲自刎。正是：",named_dialogue_transition
刘备,庞统,9,3,1,8,"Chapter 60, P060-027: 玄德曰：「今与吾水火相敌者，曹操也。操以急，吾以宽；操以暴，吾以仁；操以谲，吾以忠；每与操相反，事乃可成。若以小利而失大义于天下，吾不为也。」庞统笑曰：「主公之言，虽合天理，奈离乱之时，用兵争强，固非一道；若拘执常理，寸步不可行矣。宜从权变。且兼弱攻昧，逆取顺守，汤，武之道也。若事定之后，报之以义，封为大国，何负于信？今日不取，终被他人取耳。主公幸熟思焉。」玄德乃恍然曰：「金石之,言，当铭肺腑。」 || Chapter 62, P062-003: 玄德从之，遣人往成都。来到关前，杨怀高沛闻知此事，遂教高沛守关，杨怀同使者入成都，见刘璋呈上书信。刘璋看毕，问杨怀为何亦同来。杨怀曰：「专为此书而来。刘备自从入川，广布恩德，以收民心，其意甚是不善。今求军马钱粮，切不可与。如若相助，是把薪助火也。」刘璋曰：「吾与玄德有兄弟之情，岂可不助？」一人出曰：「刘备枭雄，久留于蜀而不遣，是纵虎入室矣，今更助之以军马钱粮，何异与虎添翼乎？」众视其人，乃零陵烝阳人，姓刘名巴字子初。刘璋闻刘巴之言，犹豫未决。黄权又复苦谏。璋乃量拨老弱军四千，米一万斛，发书遣使报玄德，仍令杨怀，高沛紧守关隘。刘璋使者到葭萌关见玄德，呈上回书。玄德大怒曰：「吾为汝御敌，费力劳心。汝今惜财吝赏，何以使士卒效命乎？」遂扯毁回书，大骂而起。使者逃回成都。庞统曰：「主公只以仁义为重，今日毁书发怒，前情尽弃矣。」玄德曰：「如此，当若何？」庞统曰：「某有三条计策，请主公自择而行。」 || Chapter 62, P062-009: 正说间，忽起一阵旋风，把马前帅字旗吹倒。玄德问庞统曰：「此何兆也？」统曰：「此惊报也。杨怀，高沛二人，必有行刺之意，宜善防之。」玄德乃身披重铠，自佩宝剑防备。人报杨高二将军送行来。玄德令军马歇定。庞统吩咐魏延黄忠：「但关上来的军士，不问多少马步军兵，一个也休放回。」二将得令而去。",named_dialogue_transition
庞统,刘备,8,3,1,7,"Chapter 60, P060-016: 饮酒间，玄德只说闲话，并不提起西川之事。松以言挑之曰：「今皇叔守荆州，还有几郡？」孔明曰：「荆州乃暂借东吴的，每每使人取讨。今我主因是东吴女婿，故权且在此安身。」松曰：「东吴据六郡八十一州，民强国富，犹且不知足耶？」庞统曰：「吾主汉朝皇叔，反不能占据州郡；其他皆汉之蟊贼，却都恃强侵占地土；惟智者不平焉。」玄德曰：「二公休言。吾有何德，敢多望乎？」松曰：「不然，明公乃汉室宗亲，仁义充塞乎四海。休道占据州郡，便代正统而居帝位，亦非分外。」玄德拱手谢曰：「公言太过，备何敢当？」 || Chapter 62, P062-003: 玄德从之，遣人往成都。来到关前，杨怀高沛闻知此事，遂教高沛守关，杨怀同使者入成都，见刘璋呈上书信。刘璋看毕，问杨怀为何亦同来。杨怀曰：「专为此书而来。刘备自从入川，广布恩德，以收民心，其意甚是不善。今求军马钱粮，切不可与。如若相助，是把薪助火也。」刘璋曰：「吾与玄德有兄弟之情，岂可不助？」一人出曰：「刘备枭雄，久留于蜀而不遣，是纵虎入室矣，今更助之以军马钱粮，何异与虎添翼乎？」众视其人，乃零陵烝阳人，姓刘名巴字子初。刘璋闻刘巴之言，犹豫未决。黄权又复苦谏。璋乃量拨老弱军四千，米一万斛，发书遣使报玄德，仍令杨怀，高沛紧守关隘。刘璋使者到葭萌关见玄德，呈上回书。玄德大怒曰：「吾为汝御敌，费力劳心。汝今惜财吝赏，何以使士卒效命乎？」遂扯毁回书，大骂而起。使者逃回成都。庞统曰：「主公只以仁义为重，今日毁书发怒，前情尽弃矣。」玄德曰：「如此，当若何？」庞统曰：「某有三条计策，请主公自择而行。」 || Chapter 62, P062-012: 众皆应允。是夜二百人先行，大军随后。前军至关下叫曰：「二将军有急事回，可速开关。」城上听得是自家军，即时开关。大军一拥而入，兵不血刃，得了涪关。蜀军皆降。玄德各加重赏，遂即分兵前后守把。次日劳军，设宴于公厅。玄德酒酣，顾庞统曰：「今日之会，可为乐乎！」庞统曰：「伐人之国而以为乐，非仁者之兵也。」玄德曰：「吾闻昔日武王伐纣，作乐象功，此亦非仁者之兵欤？汝言何不合道理？可速退！」",named_dialogue_transition
刘备,司马徽,7,1,0,7,"Chapter 35, P035-006: 童子便引玄德，行二里余，到庄前下马，入至中门，忽闻琴声甚美，玄德教童子且休通报，侧耳听之，琴声忽住而不弹。一人笑而出曰：「琴韵清幽，音中忽起高抗之调，必有英雄窃听。」童子指谓玄德曰：「此即吾师水镜先生也。」玄德视其人，松形鹤骨，器宇不凡，慌忙进前施礼，衣襟尚湿。水镜曰：「公今日幸免大难！」玄德惊讶不已。小童曰：「此刘玄德也。」 || Chapter 35, P035-007: 水镜请入草堂，分宾主坐定。玄德见架上满堆书卷，窗外盛栽松竹，棋琴于石床之上，清气飘然。水镜问曰：「明公何来？」玄德曰：「偶尔经由此地，因小童相指，得拜尊颜，不胜欣幸。」水镜笑曰：「公不必隐讳，公今必逃难至此。」玄德遂以襄阳一事告之。水镜曰：「吾观公气色，已知之矣。」因问玄德曰：「吾久闻明公大名，何故至今犹落魄不偶耶？」玄德曰：「命途多蹇，所以至此。」水镜曰：「不然；盖因将军左右不得其人耳。」玄德曰：「备虽不才，文有孙干、糜竺、简雍之辈，武有关、张、赵云之流，竭忠辅相，颇赖其力。」水镜曰：「关、张、赵云，皆万人敌，惜无善用之人。若孙干、糜竺辈，乃白面书生耳，非经纶济世之才也。」 || Chapter 35, P035-007: 水镜请入草堂，分宾主坐定。玄德见架上满堆书卷，窗外盛栽松竹，棋琴于石床之上，清气飘然。水镜问曰：「明公何来？」玄德曰：「偶尔经由此地，因小童相指，得拜尊颜，不胜欣幸。」水镜笑曰：「公不必隐讳，公今必逃难至此。」玄德遂以襄阳一事告之。水镜曰：「吾观公气色，已知之矣。」因问玄德曰：「吾久闻明公大名，何故至今犹落魄不偶耶？」玄德曰：「命途多蹇，所以至此。」水镜曰：「不然；盖因将军左右不得其人耳。」玄德曰：「备虽不才，文有孙干、糜竺、简雍之辈，武有关、张、赵云之流，竭忠辅相，颇赖其力。」水镜曰：「关、张、赵云，皆万人敌，惜无善用之人。若孙干、糜竺辈，乃白面书生耳，非经纶济世之才也。」",named_dialogue_transition
司马徽,刘备,5,1,0,5,"Chapter 35, P035-007: 水镜请入草堂，分宾主坐定。玄德见架上满堆书卷，窗外盛栽松竹，棋琴于石床之上，清气飘然。水镜问曰：「明公何来？」玄德曰：「偶尔经由此地，因小童相指，得拜尊颜，不胜欣幸。」水镜笑曰：「公不必隐讳，公今必逃难至此。」玄德遂以襄阳一事告之。水镜曰：「吾观公气色，已知之矣。」因问玄德曰：「吾久闻明公大名，何故至今犹落魄不偶耶？」玄德曰：「命途多蹇，所以至此。」水镜曰：「不然；盖因将军左右不得其人耳。」玄德曰：「备虽不才，文有孙干、糜竺、简雍之辈，武有关、张、赵云之流，竭忠辅相，颇赖其力。」水镜曰：「关、张、赵云，皆万人敌，惜无善用之人。若孙干、糜竺辈，乃白面书生耳，非经纶济世之才也。」 || Chapter 35, P035-007: 水镜请入草堂，分宾主坐定。玄德见架上满堆书卷，窗外盛栽松竹，棋琴于石床之上，清气飘然。水镜问曰：「明公何来？」玄德曰：「偶尔经由此地，因小童相指，得拜尊颜，不胜欣幸。」水镜笑曰：「公不必隐讳，公今必逃难至此。」玄德遂以襄阳一事告之。水镜曰：「吾观公气色，已知之矣。」因问玄德曰：「吾久闻明公大名，何故至今犹落魄不偶耶？」玄德曰：「命途多蹇，所以至此。」水镜曰：「不然；盖因将军左右不得其人耳。」玄德曰：「备虽不才，文有孙干、糜竺、简雍之辈，武有关、张、赵云之流，竭忠辅相，颇赖其力。」水镜曰：「关、张、赵云，皆万人敌，惜无善用之人。若孙干、糜竺辈，乃白面书生耳，非经纶济世之才也。」 || Chapter 35, P035-007: 水镜请入草堂，分宾主坐定。玄德见架上满堆书卷，窗外盛栽松竹，棋琴于石床之上，清气飘然。水镜问曰：「明公何来？」玄德曰：「偶尔经由此地，因小童相指，得拜尊颜，不胜欣幸。」水镜笑曰：「公不必隐讳，公今必逃难至此。」玄德遂以襄阳一事告之。水镜曰：「吾观公气色，已知之矣。」因问玄德曰：「吾久闻明公大名，何故至今犹落魄不偶耶？」玄德曰：「命途多蹇，所以至此。」水镜曰：「不然；盖因将军左右不得其人耳。」玄德曰：「备虽不才，文有孙干、糜竺、简雍之辈，武有关、张、赵云之流，竭忠辅相，颇赖其力。」水镜曰：「关、张、赵云，皆万人敌，惜无善用之人。若孙干、糜竺辈，乃白面书生耳，非经纶济世之才也。」",named_dialogue_transition
孙乾,刘备,5,5,1,4,"Chapter 14, P014-029: 遂点军马，克日起程。孙干曰：「可先定守城之人。」玄德曰：「二弟之中，谁人可守？」关公曰：「弟愿守此城。」玄德曰：「吾早晚欲与尔议事，岂可相离？」张飞曰：「小弟愿守此城。」玄德曰：「你守不得此城。你一者酒后刚强，鞭打士卒；二者作事轻易，不从人谏。吾不于心。」 || Chapter 16, P016-025: 布听之，不从所请，攻城愈急。玄德与麋竺、孙干商议。孙干曰：「曹操所恨者，吕布也。不若弃城走许都，投奔曹操，借军破布，此为上策。」玄德曰：「谁可当先破围而出？」飞曰：「小弟情愿死战。」玄德令飞在前；云长在后；自居其中，保护老少。当夜三更，乘著月明出北门而走，正遇宋宪、魏续，被翼德一阵杀退，得出重围。后面张辽赶来，关公敌住。吕布见玄德去了，也不来赶，随即入城安民，令高顺守小沛，自己仍回徐州去了。 || Chapter 18, P018-019: 且说高顺等引兵出徐州，将至小沛，有人报知玄德。玄德急与众商议。孙干曰：「可速告急于曹操。」玄德曰：「谁可去许都告急？」阶下一人出曰：「某愿往。」视之，乃玄德同郡人，姓简，名雍，字宪和，现为玄德幕宾。玄德即修书付简雍，使星夜赴许都求援；一面整顿守城器具。玄德自守南门，孙干守北门，云长守西门，张飞守东门，令糜竺与其弟糜芳守护中军，原来糜竺有一妹，嫁与玄德为次妻。玄德与他兄弟有郎舅之亲，故令其守中军保护妻小。",named_dialogue_transition
吴国太,刘备,4,1,0,4,"Chapter 54, P054-026: 少刻，子龙带剑而入，立于玄德之侧。国太问曰：「此是何人？」玄德答曰：「常山赵子龙也。」国太曰：「莫非当阳长阪抱阿斗者乎？」玄德曰：「然。」国太曰：「真将军也！」遂赐以酒。赵云谓玄德曰：「却才某于廊下巡视，见房内有刀斧手埋伏，必无好意。可告知国太。」玄德乃跪于国太席前，泣而告曰：「若杀刘备，就此请诛。」国太曰：「何出此言？」玄德曰：「廊下暗伏刀斧手，非杀备而何？」 || Chapter 54, P054-026: 少刻，子龙带剑而入，立于玄德之侧。国太问曰：「此是何人？」玄德答曰：「常山赵子龙也。」国太曰：「莫非当阳长阪抱阿斗者乎？」玄德曰：「然。」国太曰：「真将军也！」遂赐以酒。赵云谓玄德曰：「却才某于廊下巡视，见房内有刀斧手埋伏，必无好意。可告知国太。」玄德乃跪于国太席前，泣而告曰：「若杀刘备，就此请诛。」国太曰：「何出此言？」玄德曰：「廊下暗伏刀斧手，非杀备而何？」 || Chapter 54, P054-026: 少刻，子龙带剑而入，立于玄德之侧。国太问曰：「此是何人？」玄德答曰：「常山赵子龙也。」国太曰：「莫非当阳长阪抱阿斗者乎？」玄德曰：「然。」国太曰：「真将军也！」遂赐以酒。赵云谓玄德曰：「却才某于廊下巡视，见房内有刀斧手埋伏，必无好意。可告知国太。」玄德乃跪于国太席前，泣而告曰：「若杀刘备，就此请诛。」国太曰：「何出此言？」玄德曰：「廊下暗伏刀斧手，非杀备而何？」",named_dialogue_transition
姜维,诸葛亮,4,3,0,4,"Chapter 94, P094-003: 兴在垓心，左冲右突，不能得脱；铁车密围，就如城池。蜀兵你我不能相顾。兴望山谷中寻路走。看看天晚，但见一簇皂旗，蜂拥而来：一员羌将，手提铁锤大叫曰：「小将休走！吾乃越吉元帅也！」关兴急走到前面，尽力纵马加鞭，正迈断涧，只得回马来战越吉。兴终是胆寒，抵敌不住，望涧中而逃；被越吉赶到，一铁锤打来，兴急闪过，正中马胯。那马望涧中便到，兴落于水中。忽听得一声响处，背后越吉连人带马，平白地倒下水来。兴就水中挣起看时，只见岸上一员大将，杀退羌兵。兴提刀待砍越吉，吉跃水而走。关兴得了越吉马，牵到岸上，整顿鞍辔，绰刀上马。只见那员将，尚在前面追杀羌兵。兴自思此人救我性命，当与相见，遂拍马赶来。看看至近，只见云雾之中，隐隐有一大将，面如重枣，眉若卧蚕，绿袍金铠，提青龙刀，骑赤兔马，手绰美髯；分明认得是父亲关公。兴大惊。忽见关公以手望东南指曰：「吾儿可速望此路去。吾当护汝归寨。」言讫不见。关兴望东南急走。至半夜，忽一彪到：乃张苞也，问兴曰：「你曾见二伯父否？」兴曰：「你何由知之？」苞曰：「我被铁车军追急，忽见伯父自空而下，惊退羌兵，指曰：『汝从这条路去救吾儿。』因此引军迳来寻你。」关兴亦说前事，共相嗟异。二人同归寨内。马岱接著，对二人说：「此军无计可退。我守住寨栅，你二人去禀丞相，用计破之。」于是兴、苞二人，星夜来见孔明，备说此事。孔明随命赵云、魏延各引一军埋伏去讫；然后点三万军，带了姜维、张翼、关兴、张苞，亲自来到马岱寨中歇定。次日上高阜处观看，见铁车连络不绝，人马纵横，往来驰骤。孔明曰：「此不难破也。」唤马岱、张翼分付如此如此。二人去了，乃唤姜维曰：「伯约知破车之法否？」维曰：「羌人惟恃一勇力，岂知妙计乎？」孔明笑曰：「汝知吾心也。今彤云密布，朔风紧急，天将降雪，吾计可施矣。」便令关兴、张苞二人引兵埋伏去讫。令姜维领兵出战：但有铁车兵来，退后便走；寨口虚立旌旗，不设军马：准备已定。 || Chapter 100, P100-032: 使命迳到祈山大寨，孔明接入，受诏以毕，仰天叹曰：「主尚年幼，必有佞臣在测！吾正欲建功，何故取回？我如不回，是欺主也。若奉命而退，日后再难得此机会也。」姜维问曰：「若大军退，司马懿乘势掩杀，当复如何？」孔明曰：「吾今退军，可分五路而退：今日先退此营。假如营内兵一千，却掘二千灶。今日掘三千灶，明日掘四千灶，每日退军，添灶而行。」 || Chapter 103, P103-033: 于是令军中传说：魏主命辛毗持节，传谕司马懿勿得出战。蜀将闻知此事，报与孔明。孔明笑曰：「此乃司马懿安三军之法也。」姜维曰：「丞相何以知之？」孔明曰：「彼本无战心;所以请战者，以示武于众耳。岂不闻：『将在外,君命有所不受』？安有千里而请战者乎？此乃司马懿因将士忿怒，故借曹叡之意，以制众人。今又播传此言，欲懈我军心也。」",named_dialogue_transition
孟获,诸葛亮,4,2,0,4,"Chapter 88, P088-008: 却说董荼那引蛮兵到夹山谷下寨，马岱引兵来迎。部内军有认得是董荼那，说与马岱如此如此。岱纵马向前大骂曰：「无义背恩之徒！吾丞相饶汝性命，今又背反，岂不自羞！」董荼那满面羞惭，无言可答，不战而退。马岱掩杀一阵而回。董荼那回见孟获曰：「马岱英雄，抵敌不住。」获大怒曰：「吾知汝原受诸葛亮之恩，今故不战而退！正是卖阵之计！」喝教出斩了。众酋长再三哀告，方才免死，叱武士将董荼那打了一百大棍，放归本寨。诸多酋长，皆来告董荼那曰：「我等虽居蛮方，未尝敢犯中国；中国亦不曾侵我。今因孟获势力相逼，不得已而造反，想孔明神机莫测，曹操孙权尚自惧之，何况我等蛮方乎？况我等皆受其活命之恩，无可为报。今欲舍一死命，杀孟获去投孔明，以免洞中百姓涂炭之苦。」董荼那曰：「未知汝等心下若何？」内有原蒙孔明放回的人，一齐同声应曰：「愿往！」于是董荼那手执钢刀，引百余人，直奔大寨而来，时孟获大醉于帐中。董荼那引众人持刀而入，帐下有两将侍立。董荼那以刀指曰：「汝等亦受诸葛丞相活命之恩，宜当报效。」二将曰：「不须将军下手，某当生擒孟获，去献丞相。」于是一齐入帐，将孟获执缚已定，押到泸水边，驾船直过北岸，先使人报知孔明。却说孔明已有细作探知此事，于是密传号令，教各寨将士，整顿军器，方教为首酋长，解孟获入来，其余皆回本寨听候。董荼那先入中军见孔明，细说其事。孔明重加赏劳，用好言抚慰，遣董荼那引众酋长去了，然后令刀斧手推孟获入。孔明笑曰：「汝前者有言：『但再擒得，便肯降服。』今日如何？」获曰：「此非汝之能也，乃吾手下之人自相残害，以致如此：如何肯服？」孔明曰：「吾今再放汝去，若何？」孟获曰：「吾虽蛮人，颇知兵法；若丞相端的肯放吾回洞中，吾当率兵再决胜负。若丞相这番再擒得我，那时倾心吐胆归降，并不敢改移也。」 || Chapter 88, P088-012: 获大惊，急奔左队时，火光冲天，一彪军杀到，为首蜀将乃是魏延。获慌忙望右队而来，只见火光又起，又一彪军杀到，为首蜀将乃是赵云。三路军夹攻将来，四下无路。孟获弃了军士，匹马望泸水而逃。正见泸水上数十个蛮兵，驾一小舟，获慌令近岸。人马方才下船，一声号起，将孟获缚住。原来马岱了计策，引本部兵扮作蛮兵，撑船在此，诱擒孟获。于是孔明招安蛮兵，降者无数。孔明一一抚慰，并不加害。就教救灭了余火。须臾，马岱擒孟获至；赵云擒孟优至；魏延、马忠、王平、关索擒诸洞酋长至。孔明指孟获而笑曰：「汝先令汝弟以礼诈降，如何瞒得我过！今番又被我擒，汝可服否？」获曰：「此乃吾弟贪口腹之故，误中汝毒，因此失了大事。吾若自来，弟以兵应之，必然成功。此乃天败，非吾之不能也，如何肯服？」孔明曰：「今已三次，如何不服？」孟获低头无语。孔明笑曰：「吾再放汝回去。」孟获曰：「丞相若肯放我弟兄回去，收拾家下亲丁，和丞相大战一场：那时擒得，方才死心塌地而降。」孔明曰：「再若擒住，必不轻恕。汝可小心在意，勤攻韬略之书，再整亲信之士，早用良策，勿生后悔。」遂令武士去其绳索，放起孟获，并孟优及各洞酋长，一齐都放。孟获拜谢去了。此时蜀兵已渡泸水。孟获等过了泸水，只见岸口陈兵列将，旗帜纷纷。获到营前，马岱高坐，以剑指之曰：「这番拏住，必无轻放！」孟获到了自已寨时，赵云早已袭了此寨，布列兵马。云坐于大旗下，按剑而言曰：「丞相如此相待，休忘大恩！」获喏喏连声而去。将出界口山坡，魏延引一千精兵，摆在坡上，勒马厉声而言曰：「吾今已深入巢穴，夺汝险要；汝尚自愚迷，抗拒大军！这回拏住，碎尸万段，决不轻饶！」孟获等抱头鼠窜，望本洞而去。后人有诗赞曰：五月驱兵入不毛，月明泸水瘴烟高。誓将雄略酬三顾，岂惮征蛮七纵劳？却说孔明渡了泸水，下寨已毕，大赏三军，聚诸将于帐下曰：「孟获第二番擒来，吾令遍观各营虚实，正欲令其来劫营也。吾知孟获颇晓兵法，吾以兵马粮草炫耀，实令孟获看吾破绽，必用火攻。彼令其弟诈降，欲为内应耳。吾三番擒之而不杀，诚欲服其心，不欲灭其类也。吾今明告汝等，勿得辞劳，可用心报国。」众将拜伏曰：「丞相智、仁、勇，三者足备；虽子牙、张良，不能及也。」孔明曰：「吾今安敢望古人耶？皆赖汝等之力，共成功业耳。」帐下诸将听得孔明之言，尽皆喜悦。 || Chapter 90, P090-021: 孔明问孟获曰：「汝原说在汝家擒住，方始心服；今日如何？」获曰：「此是我等自来送死，非汝之能也。吾心未服。」孔明曰：「吾擒住六番，尚然不服，欲待何时耶？」获曰：「汝第七次擒住，吾方倾心归服，誓不反矣。」孔明曰：「巢穴已破，吾何虑哉？」令武士尽去其缚，叱之曰：「这番擒住，再若支吾，必不轻恕！」孟获等抱头鼠窜而去。",named_dialogue_transition
关羽,孙乾,3,2,0,3,"Chapter 28, P028-016: 二夫人听得，揭帘而呼曰：「三叔何故如此？」飞曰：「嫂嫂住著。且看我杀了负义的人，然后请嫂嫂入城。」甘夫人曰：「二叔因不知你等下落，故暂时栖身曹氏。今知你哥哥在汝南，特不避险阻，送我们们到此。三叔休错见了。」糜夫人曰：「二叔向在许都，原出于无奈。」飞曰：「嫂嫂休要被他瞒过了！忠臣宁死而不辱。大丈夫岂有事二主之理！」关公曰：「贤弟休屈了我。」孙干曰：「云长特来寻将军。」飞喝曰：「如何你也胡说！他那里有好心！必是来捉我！」关公曰：「我若捉你，须带军马来。」飞把手指曰：「兀的不是军马来也！」 || Chapter 28, P028-021: 次日，张飞欲与关公同赴汝南见玄德。关公曰：「贤弟可保护二嫂，暂住此城，待我与孙干先去探听兄长消息。」飞允诺。关公与孙干引数骑奔汝南来。刘辟，龚都，接著，关公便问：皇叔何在？刘辟曰：「皇叔到此住了数日，为见军少，复往河北袁本初处商议去了。」关公怏怏不乐。孙干曰：「不必忧虑。再苦一番驱驰，仍往河北去报知皇叔，同至古城便了。」 || Chapter 31, P031-024: 众皆掩面而哭。云长曰：「兄言差矣。昔日高祖与项羽争天下，数败于羽，后九里山一战成功，而开四百年基业。胜负兵家之常，何可自隳其志？」孙干曰：「成败有时，不必伤心。此离荆州不远。刘景升坐镇九州，兵强粮足，更且与公皆汉室宗亲，何不往投之？」玄德曰：「但恐不容耳。」干曰：「某愿先往说之，使景升出境而迎主公。」",named_dialogue_transition
关羽,张飞,3,3,0,3,"Chapter 11, P011-022: 玄德坚执不肯。陶谦泣下曰：「君若舍我而去，我死不瞑目矣！」云长曰：「既承陶公相让，兄且权领州事。」张飞曰：「又不是我强要他的州郡；他好意相让，何必苦苦推辞？」玄德曰：「汝等欲陷我于不义耶？」陶谦推让再三，玄德只是不受。陶谦曰：「如玄德必不肯从，此间近邑，名小沛，足可屯军。请玄德暂驻军此邑，以保徐州，何如？」众皆劝玄德留小沛，玄德从之。陶谦劳军已毕，赵云辞去，玄德执手挥泪而别。孔融、田楷亦各相别，引军自回。玄德与关、张引本部军来至小沛，修葺城垣，抚谕居民。 || Chapter 19, P019-012: 布料难抵敌，引军东走。曹兵随后追赶。吕布走得人困马乏。忽大闪出一彪军拦住去路，为道一将，立马横刀，大喝：「吕布休走！关云长在此！」吕布慌忙接战。背后张飞赶来。布无心恋战，与陈宫等杀开条路，迳奔下邳。侯成引兵接应去了。关、张相见，各洒泪言失散之事。云长曰：「我在海州路上住扎，探得消息，故来至此。」张飞曰：「弟在芒砀山住了这几时，今日幸得相遇。」 || Chapter 45, P045-010: 却说糜竺回见玄德，具言周瑜欲请主公到彼面会，别有商护。玄德便教收拾快船一只，只今便行。云长谏曰：「周瑜多谋之士，又无孔明书信，恐其中有诈，不可轻去。」玄德曰：「我今结东吴以共破曹操，周郎欲见我，我若不往，非同盟之意。两相猜忌，事不谐矣。」云长曰：「兄长若坚意要去，弟愿同往。」张飞曰：「我也跟去。」玄德曰：「只云长随我去。翼德与子龙守寨，简雍固守鄂县。我去便回。」",named_dialogue_transition
刘备,吴国太,3,1,0,3,"Chapter 54, P054-026: 少刻，子龙带剑而入，立于玄德之侧。国太问曰：「此是何人？」玄德答曰：「常山赵子龙也。」国太曰：「莫非当阳长阪抱阿斗者乎？」玄德曰：「然。」国太曰：「真将军也！」遂赐以酒。赵云谓玄德曰：「却才某于廊下巡视，见房内有刀斧手埋伏，必无好意。可告知国太。」玄德乃跪于国太席前，泣而告曰：「若杀刘备，就此请诛。」国太曰：「何出此言？」玄德曰：「廊下暗伏刀斧手，非杀备而何？」 || Chapter 54, P054-026: 少刻，子龙带剑而入，立于玄德之侧。国太问曰：「此是何人？」玄德答曰：「常山赵子龙也。」国太曰：「莫非当阳长阪抱阿斗者乎？」玄德曰：「然。」国太曰：「真将军也！」遂赐以酒。赵云谓玄德曰：「却才某于廊下巡视，见房内有刀斧手埋伏，必无好意。可告知国太。」玄德乃跪于国太席前，泣而告曰：「若杀刘备，就此请诛。」国太曰：「何出此言？」玄德曰：「廊下暗伏刀斧手，非杀备而何？」 || Chapter 54, P054-026: 少刻，子龙带剑而入，立于玄德之侧。国太问曰：「此是何人？」玄德答曰：「常山赵子龙也。」国太曰：「莫非当阳长阪抱阿斗者乎？」玄德曰：「然。」国太曰：「真将军也！」遂赐以酒。赵云谓玄德曰：「却才某于廊下巡视，见房内有刀斧手埋伏，必无好意。可告知国太。」玄德乃跪于国太席前，泣而告曰：「若杀刘备，就此请诛。」国太曰：「何出此言？」玄德曰：「廊下暗伏刀斧手，非杀备而何？」",named_dialogue_transition
刘备,孔融,3,1,0,3,"Chapter 11, P011-010: 孔融迎接玄德入城，叙礼毕，大设筵宴庆贺。又引糜竺出见玄德，具言张闿杀曹嵩之事：「今曹操纵兵大掠，围住徐州，特来求救。」玄德曰：「陶恭祖乃仁人君子，不意受此无辜之冤。」孔融曰：「公乃汉室宗亲，今曹操残害百姓，倚强欺弱，何不与融同往救之？」玄德曰：「备非敢推辞，奈兵微将寡，恐难轻动。」孔融曰：「融之欲救陶恭祖，虽因旧谊，亦为大义。公岂独无仗义之心耶？」玄德曰：「既如此，请文举先行，容备去公孙瓒处，借三五千人马，随后便来。」融曰：「公切勿失信。」玄德曰：「公以备为何如人也？圣人云：『自古皆有死，人无信不立。』刘备借得军，或借不得军，必然亲至。」 || Chapter 11, P011-010: 孔融迎接玄德入城，叙礼毕，大设筵宴庆贺。又引糜竺出见玄德，具言张闿杀曹嵩之事：「今曹操纵兵大掠，围住徐州，特来求救。」玄德曰：「陶恭祖乃仁人君子，不意受此无辜之冤。」孔融曰：「公乃汉室宗亲，今曹操残害百姓，倚强欺弱，何不与融同往救之？」玄德曰：「备非敢推辞，奈兵微将寡，恐难轻动。」孔融曰：「融之欲救陶恭祖，虽因旧谊，亦为大义。公岂独无仗义之心耶？」玄德曰：「既如此，请文举先行，容备去公孙瓒处，借三五千人马，随后便来。」融曰：「公切勿失信。」玄德曰：「公以备为何如人也？圣人云：『自古皆有死，人无信不立。』刘备借得军，或借不得军，必然亲至。」 || Chapter 11, P011-021: 且说来使回徐州，入城见陶谦，呈上书札，言曹兵已退。谦大喜，差人请孔融，田楷，云长，子龙等赴城大会。饮宴既毕，谦延玄德于上座，拱手对众曰：「老夫年迈，二子不才，不堪国家重任。刘公乃帝室之胄，德广才高，可领徐州。老夫情愿乞闲养病。」玄德曰：「孔文举令备来救徐州，为义也；今无端据而有之，天下将以备为无义人矣。」糜竺曰：「今汉室陵迟，海宇颠覆，树功立业，正在此时。徐州殷富，户口百万，刘使君领此，不可辞也。」玄德曰：「此事决不敢应命。」陈登曰：「陶府君多病，不能视事，明公勿辞。」玄德曰：「袁公路四世三公，海内所归，近在寿春，何不以州让之？」孔融曰：「袁公路冢中枯骨，何足挂齿！今日之事，天与不取，悔不可追。」",named_dialogue_transition
刘琦,刘备,3,3,1,2,"Chapter 34, P034-022: 遂与赵云即日赴襄阳。蔡瑁出郭迎接，意甚谦谨。随后刘琦、刘琮二子，引一班文武官僚出迎。玄德见二公子俱在，并不疑忌。是日请玄德于馆舍暂歇。赵云引三百军围绕保护。云披甲挂剑，行坐不离左右。刘琦告玄德曰：「父亲气疾作，不能行动，特请叔父待客，抚劝各处守牧之官。」玄德曰：「吾本不敢当此，既有兄命，不敢不从。」 || Chapter 42, P042-018: 玄德大悦，合为一处，商议破曹之策。孔明曰：「夏口城险，颇有钱粮，可以久守。请主公到夏口屯住。公子自回江夏，整顿战船，收拾军器，为犄角之势，可以抵当曹操。若共归江夏，则势反孤矣。」刘琦曰：「军师之言甚善。但愚意欲请叔父暂至江夏，整顿军马停当，再回夏口不迟。」玄德曰：「贤姪之言亦是。」遂留下云长，引五千军守夏口。玄德、孔明、刘琦共投江夏。 || Chapter 49, P049-025: 飞领计去了。又唤糜竺，糜芳，刘封三人，各驾船只。遶江剿擒败军，夺取器械。三人领计去了。孔明起身，谓公子刘琦曰：「武昌一望之地，最为紧要。公子便请回。率领所部之兵，陈于岸口。操一败必有逃来者，就而擒之，却不可轻离城郭。」刘琦便辞玄德，孔明去了。孔明谓玄德曰：「主公可于樊口屯只，凭高而望，坐看今夜周郎成大功也。」",named_dialogue_transition
刘禅,诸葛亮,3,3,0,3,"Chapter 85, P085-026: 次日，后主车驾亲至相府。门吏见驾到，慌忙拜伏于地而迎。后主问曰；「丞相在何处？」门吏曰：「不知在何处。只有丞相钧旨，教挡住百官，勿得辄入。」后主乃下车步行，独进第三重门，见孔明独倚竹杖，在小池边观鱼。后主在后立久，乃徐徐而言曰：「丞相安乐否？」孔明回顾，见是后主，慌忙弃杖，拜伏于地曰：「臣该万死！」后主扶起，问曰；「今曹丕分兵五路，犯境甚急，相父缘何不肯出府视事？」孔明大笑，扶后主入内室坐定，奏曰：「五路兵至，臣安得不知？臣非观鱼，有所思也。」后主曰：「如之奈何？」孔明曰：「羌王轲比能，蛮王孟获，反将孟达，魏将曹真：此四路兵，臣已皆退去了也。止有孙权这一路兵，臣已有退兵之计，但须一能言之人为使。因未得其人，故熟思之。陛下何必忧乎？」 || Chapter 87, P087-002: 建兴三年，益州飞报：「蛮王孟获，大起蛮兵十万，犯境侵掠。建宁太守雍闿，乃汉朝什邡侯雍齿之后，今结连孟获造反。牂牁郡太守朱褒、越隽郡太守高定，二人献了城。止有永昌郡太守王伉不肯反。现今雍闿、朱褒、高定三人部下人马，皆与孟获为乡导官，攻打永昌郡。赖王伉与功曹吕凯，会集百姓，死守此城，其势甚急。」孔明乃入朝奏后主曰：「臣观南蛮不服，实国家之大患也。臣当自领大军，前去征讨。」后主曰：「东有孙权，北有曹丕；今相父弃朕而去，倘吴、魏来攻，如之奈何？」孔明日：「东吴方与我国讲和，料无异心；若有异心，李严在白帝城，此人可当陆逊也。曹丕新败，锐气已丧，未能远图；且有马超守把汉中诸处关口，不必忧也。臣又留关兴、张苞等分两军为救应，保陛下万无一失。今臣先去扫荡蛮方，然后北伐，以图中原，报先帝三顾之恩，托孤之重。」后主曰：「朕年幼无知，惟相父斟酌行之。」言未毕，班部内一人出曰：「不可！不可！」众视之，乃南阳人也：姓王，名连，字文仪；见为谏议大夫。连谏曰：「南方不毛之地，瘴疫之乡；丞相秉钧衡之重任，而自远征，非所宜也。且雍闿等乃疥癣之疾，丞相只须遣一大将讨之，必然成功。」孔明曰：「南蛮之地，离国甚远，人多不习王化，收伏甚难，吾当亲往征之。可刚可柔，别有斟酌，非可容易托人。」 || Chapter 101, P101-035: 后主从之，即谪为庶人，徙于梓潼郡闲往。孔明回到成都，用李严子李丰为长史；积草屯粮，讲阵论武，整治军器，存恤将士：三年然后出征。两川人民军士，皆仰其恩德。光阴荏苒，不觉三年：时建兴十二年春二月。孔明入朝奏曰：「臣今存恤军士，已经三年。粮草丰足，军器完备，人马雄壮：可以伐魏。今番若不扫清奸党、恢复中原，誓不见陛下也！」后主曰：「方今已成鼎足之势，吴、魏不曾入寇，相父何不安享太平？」孔明曰：「臣受天帝知遇之恩，梦寐之间，未尝不设伐魏之策。竭力尽中，为陛下克复中原，重兴汉室：臣之愿也。」言未毕，班部中一人出曰：「丞相不可兴兵。」众视之：乃谯周也。正是：午侯尽瘁惟忧国，太史知机又论天。未知谯周有何议论，且看下文分解。",named_dialogue_transition
诸葛亮,孟获,3,2,1,2,"Chapter 88, P088-008: 却说董荼那引蛮兵到夹山谷下寨，马岱引兵来迎。部内军有认得是董荼那，说与马岱如此如此。岱纵马向前大骂曰：「无义背恩之徒！吾丞相饶汝性命，今又背反，岂不自羞！」董荼那满面羞惭，无言可答，不战而退。马岱掩杀一阵而回。董荼那回见孟获曰：「马岱英雄，抵敌不住。」获大怒曰：「吾知汝原受诸葛亮之恩，今故不战而退！正是卖阵之计！」喝教出斩了。众酋长再三哀告，方才免死，叱武士将董荼那打了一百大棍，放归本寨。诸多酋长，皆来告董荼那曰：「我等虽居蛮方，未尝敢犯中国；中国亦不曾侵我。今因孟获势力相逼，不得已而造反，想孔明神机莫测，曹操孙权尚自惧之，何况我等蛮方乎？况我等皆受其活命之恩，无可为报。今欲舍一死命，杀孟获去投孔明，以免洞中百姓涂炭之苦。」董荼那曰：「未知汝等心下若何？」内有原蒙孔明放回的人，一齐同声应曰：「愿往！」于是董荼那手执钢刀，引百余人，直奔大寨而来，时孟获大醉于帐中。董荼那引众人持刀而入，帐下有两将侍立。董荼那以刀指曰：「汝等亦受诸葛丞相活命之恩，宜当报效。」二将曰：「不须将军下手，某当生擒孟获，去献丞相。」于是一齐入帐，将孟获执缚已定，押到泸水边，驾船直过北岸，先使人报知孔明。却说孔明已有细作探知此事，于是密传号令，教各寨将士，整顿军器，方教为首酋长，解孟获入来，其余皆回本寨听候。董荼那先入中军见孔明，细说其事。孔明重加赏劳，用好言抚慰，遣董荼那引众酋长去了，然后令刀斧手推孟获入。孔明笑曰：「汝前者有言：『但再擒得，便肯降服。』今日如何？」获曰：「此非汝之能也，乃吾手下之人自相残害，以致如此：如何肯服？」孔明曰：「吾今再放汝去，若何？」孟获曰：「吾虽蛮人，颇知兵法；若丞相端的肯放吾回洞中，吾当率兵再决胜负。若丞相这番再擒得我，那时倾心吐胆归降，并不敢改移也。」 || Chapter 88, P088-012: 获大惊，急奔左队时，火光冲天，一彪军杀到，为首蜀将乃是魏延。获慌忙望右队而来，只见火光又起，又一彪军杀到，为首蜀将乃是赵云。三路军夹攻将来，四下无路。孟获弃了军士，匹马望泸水而逃。正见泸水上数十个蛮兵，驾一小舟，获慌令近岸。人马方才下船，一声号起，将孟获缚住。原来马岱了计策，引本部兵扮作蛮兵，撑船在此，诱擒孟获。于是孔明招安蛮兵，降者无数。孔明一一抚慰，并不加害。就教救灭了余火。须臾，马岱擒孟获至；赵云擒孟优至；魏延、马忠、王平、关索擒诸洞酋长至。孔明指孟获而笑曰：「汝先令汝弟以礼诈降，如何瞒得我过！今番又被我擒，汝可服否？」获曰：「此乃吾弟贪口腹之故，误中汝毒，因此失了大事。吾若自来，弟以兵应之，必然成功。此乃天败，非吾之不能也，如何肯服？」孔明曰：「今已三次，如何不服？」孟获低头无语。孔明笑曰：「吾再放汝回去。」孟获曰：「丞相若肯放我弟兄回去，收拾家下亲丁，和丞相大战一场：那时擒得，方才死心塌地而降。」孔明曰：「再若擒住，必不轻恕。汝可小心在意，勤攻韬略之书，再整亲信之士，早用良策，勿生后悔。」遂令武士去其绳索，放起孟获，并孟优及各洞酋长，一齐都放。孟获拜谢去了。此时蜀兵已渡泸水。孟获等过了泸水，只见岸口陈兵列将，旗帜纷纷。获到营前，马岱高坐，以剑指之曰：「这番拏住，必无轻放！」孟获到了自已寨时，赵云早已袭了此寨，布列兵马。云坐于大旗下，按剑而言曰：「丞相如此相待，休忘大恩！」获喏喏连声而去。将出界口山坡，魏延引一千精兵，摆在坡上，勒马厉声而言曰：「吾今已深入巢穴，夺汝险要；汝尚自愚迷，抗拒大军！这回拏住，碎尸万段，决不轻饶！」孟获等抱头鼠窜，望本洞而去。后人有诗赞曰：五月驱兵入不毛，月明泸水瘴烟高。誓将雄略酬三顾，岂惮征蛮七纵劳？却说孔明渡了泸水，下寨已毕，大赏三军，聚诸将于帐下曰：「孟获第二番擒来，吾令遍观各营虚实，正欲令其来劫营也。吾知孟获颇晓兵法，吾以兵马粮草炫耀，实令孟获看吾破绽，必用火攻。彼令其弟诈降，欲为内应耳。吾三番擒之而不杀，诚欲服其心，不欲灭其类也。吾今明告汝等，勿得辞劳，可用心报国。」众将拜伏曰：「丞相智、仁、勇，三者足备；虽子牙、张良，不能及也。」孔明曰：「吾今安敢望古人耶？皆赖汝等之力，共成功业耳。」帐下诸将听得孔明之言，尽皆喜悦。 || Chapter 90, P090-021: 孔明问孟获曰：「汝原说在汝家擒住，方始心服；今日如何？」获曰：「此是我等自来送死，非汝之能也。吾心未服。」孔明曰：「吾擒住六番，尚然不服，欲待何时耶？」获曰：「汝第七次擒住，吾方倾心归服，誓不反矣。」孔明曰：「巢穴已破，吾何虑哉？」令武士尽去其缚，叱之曰：「这番擒住，再若支吾，必不轻恕！」孟获等抱头鼠窜而去。",named_dialogue_transition
赵云,诸葛亮,3,3,0,3,"Chapter 49, P049-023: 孔明便与玄德，刘琦升帐坐定，谓赵云曰：「子龙可带三千军马，渡江迳取乌林小路，拣树木芦苇密处埋伏。今夜四更已后，曹操必然从那条路奔走。等他军马过。就半中间放起火来。虽然不杀他尽绝，也杀一半。」云曰：「乌林有两条路：一条通南郡，一条取荆州。不知向那条路来？」孔明曰：「南郡势迫，曹操不敢往，必来荆州，然后大军投许昌而去。」 || Chapter 87, P087-011: 赵云、魏延见孔明不用，各有愠色。孔明曰：「吾非不用汝二人，但恐涉险入深，为蛮人所算，失其锐气耳。」赵云曰：「倘我等识地理，若何？」孔明曰：「汝二人只宜小心，休得妄动。」二人快快而退。赵云请魏延到自已寨内商议曰；「吾二人为先锋，却说不识地理而不肯用。今用此后辈，吾等岂不羞乎？」延曰：「吾二人只今就上马，亲去探之；捉住土人，便教引进，以敌蛮兵，大事可成。」云从之，遂上马迳取中路而来。方行不数里，远远望见尘头大起。二人上山坡看时，果见数十骑蛮兵，纵马而来。二人两路冲出。蛮兵见了，大惊而走。 || Chapter 92, P092-004: 次日，夏侯楙复整金鼓旗旛，率兵而进。赵云、邓芝出迎。芝在马上谓赵云曰：「昨夜魏兵大败而走，今日复来，必有诈也，老将军防之。」子龙曰：「量此乳臭小儿，何足道哉！吾今日必当擒之！」便跃马而出，魏将潘遂出迎，战不三合，拨马便走。赵云赶去，魏阵中八员将一齐来迎。放过夏侯楙先走，八将陆续奔走。赵云乘势追杀，邓芝引兵继进。赵云深入重地，只听得四面喊声大震。邓芝急收军退回，左有董禧，右有薛则，两路兵杀到。邓芝兵少，不能解救。赵云被困在垓心，东冲西突，魏兵越厚。时云手下止有千余人，杀到山坡之下，只见夏侯楙在山上指挥三军。赵云投东则望东指，投西则望西指：因此赵云不能突围，乃引兵欲上山来。半山中擂木砲石打将下来，不能上山。赵云从辰时杀至酉时，不能得走出，只得下马少歇，且待月明再战。却才卸甲而坐，月光方出，忽四下火光冲天，鼓声大震，矢石如雨，魏兵杀到，皆叫曰：「赵云早降！」云急上马迎敌、四面军马渐渐逼近，八方弩箭交射甚急，人马皆不能向前。云仰天叹曰：「吾不服老，死于此地矣！」忽东北角上喊声大起，魏兵纷纷乱窜。一彪军杀到，为首大将持丈八点钢矛，马项下挂一颗人头，云视之，乃张苞也。苞见赵云，言曰：「丞相恐老将军有失，特遣某引军五千兵接应。闻老将军被困，故杀透重围。正遇魏将薛则，被某杀之。」云大喜，即与张苞杀出西北角来。只见魏兵弃戈奔走。一彪军从外呐喊杀入，为首大将提偃月青龙刀，手挽人头。云视之，乃关兴也。兴曰：「奉丞相之命，恐老将军有失，特引五千兵前来接应。却才阵上逢著魏将董禧，被吾一刀斩之，枭道在此。丞相随后便到也。」云曰：「二将军已建奇功，不趁今日擒住夏侯楙，以定大事？」张苞闻言，遂引兵去了。兴曰：「我也干功去。」亦引兵去了。云回顾左右曰：「他两个是吾子姪辈，尚且争先干功；吾乃国家上将，朝廷旧臣，反不如此小辈耶？吾当舍老命以报先帝之恩！」于是引兵来捉夏侯楙。当夜三路兵夹攻，大破魏军一阵。邓芝引兵接应，杀得尸横遍野，血流成河。夏侯楙乃无谋之人，更兼年幼，不曾经战；见军大乱，遂引帐下骁将百余人，望南安郡而走。众军因见无主，尽皆逃窜。兴、苞二将，闻夏侯楙望南安郡去了，连夜赶来。楙走入城中，紧闭城门，驱兵守御。兴、苞二人赶到，将城围住；赵云随后也到：三面攻打。少时，邓芝亦引兵到。一连围了十日，攻打不下。忽报丞相留后军住沔阳，左军屯阳平，右军屯石城，自引中军来到。赵云、邓芝郡关兴、张苞皆来拜问孔明，说连日攻城不下。孔明遂乘小车亲到城边周围看了一遍，回寨升帐而坐。众将环立听令。孔明曰：「此郡壕深成峻，不易攻也。吾正事不在此城，如汝等只久攻，倘魏兵分道而出，以取汉中，吾军危矣。」邓芝曰：「夏侯楙乃魏之驸马，若擒此人，胜斩百将。今困于此，岂可弃之而去？」孔明曰：「吾自有计。此处西连天水郡，北抵安定郡；二处太守，不知何人？」探卒答曰：「天水太守马遵，安定太守崔谅。」孔明大喜，乃唤魏延受计，如此如此；又唤关兴、张苞受计，如此如此；又唤心腹军士二人受计，如此行之。各将领命，引兵而去。孔明却在南安城外，令军运迆草堆于城下，口称烧城。魏兵闻知，皆大笑不惧。",named_dialogue_transition
鲁肃,诸葛亮,3,2,1,2,"Chapter 43, P043-001: 却说鲁肃、孔明辞了玄德、刘琦，登舟望柴桑郡来。二人在舟中共议，鲁肃谓孔明曰：「先生见孙将军，切不可实言曹操兵多将广。」孔明曰：「不须子敬叮咛，亮自有对答之语。」及船到岸，肃请孔明于馆驿中暂歇，先自往见孙权。权正聚文武于堂上议事，闻鲁肃回，急召入问曰：「子敬往江夏，体探虚实若何？」肃曰：「已知其略，尚容徐禀。」权将曹操檄文示肃曰：「操昨遣使赍文至此，孤先发遣来使，现今会众商议未定。」肃接檄文观看。其略曰： || Chapter 46, P046-008: 当夜五更时候，船已近曹操水寨。孔明教把船只头西尾东，一带摆开，就船上擂鼓呐喊。鲁肃惊曰：「倘曹兵齐出，如之奈何？」孔明笑曰：「吾料曹操于重雾中必不敢出。吾等只顾酌酒取乐，待雾散便回。」 || Chapter 46, P046-011: 却说孔明回船谓鲁肃曰：「每船上箭约五六千矣。不费江东半分之力，已得十万余箭。明日即将来射曹军，却不甚便？」肃曰：「先生真神人也！何以知今日如此大雾？」孔明曰：「为将而不通天文，不识地利，不知奇门，不晓阴阳，不看阵图，不明兵势，是庸才也。亮于三日前已算定今日有大雾，因此敢任三日之限。公瑾教我十日完办，工匠料物，都不应手，将这一件风流罪过，明白要杀我；我命系于天，公瑾焉能害我哉！」",named_dialogue_transition
关羽,张辽,2,1,0,2,"Chapter 25, P025-005: 辽曰：「玄德不知存亡，翼德未知生死。昨夜曹公已破下邳，军民尽无伤害，差人护卫玄德家眷，不许惊扰。如此相待，弟特来报兄。」关公怒曰：「此言特说我也。吾今虽处绝地，视死如归。汝当速去，吾即下山迎战。」张辽大笑曰：「兄此言岂不为天下笑乎？」公曰：「吾仗忠义而死，安得为天下笑？」辽曰：「兄今即死，其罪有三。」公曰：「汝且说我那三罪？」 || Chapter 25, P025-027: 关公领诺而出，提青龙刀，上赤兔马，引从者数人，直至白马来见曹操。操叙说颜良连诛二将，勇不可当，特请云长商议。关公曰：「容某观之。」操置酒相待。忽报颜良搦战，操引关公上土山观看。操与关公坐，诸将环立。曹操指山下颜良排的阵势，旗帜鲜明，鎗刀森布，严整有威，乃谓关公曰：「河北人马，如此雄壮！」关公曰：「以吾观之，如土鸡瓦犬耳！」操又指曰：「麾盖之下，锈袍金甲，持刀立马者，乃颜良也。」关举目一望，谓操曰：「吾观颜良，如插标卖首耳！」操曰：「未可轻视。」关公起身曰：「某虽不才，愿去万军中取其首级，来献丞相。」张辽曰：「军中无戏言，云长不可忽也。」",named_dialogue_transition
刘备,陈登,2,2,0,2,"Chapter 11, P011-021: 且说来使回徐州，入城见陶谦，呈上书札，言曹兵已退。谦大喜，差人请孔融，田楷，云长，子龙等赴城大会。饮宴既毕，谦延玄德于上座，拱手对众曰：「老夫年迈，二子不才，不堪国家重任。刘公乃帝室之胄，德广才高，可领徐州。老夫情愿乞闲养病。」玄德曰：「孔文举令备来救徐州，为义也；今无端据而有之，天下将以备为无义人矣。」糜竺曰：「今汉室陵迟，海宇颠覆，树功立业，正在此时。徐州殷富，户口百万，刘使君领此，不可辞也。」玄德曰：「此事决不敢应命。」陈登曰：「陶府君多病，不能视事，明公勿辞。」玄德曰：「袁公路四世三公，海内所归，近在寿春，何不以州让之？」孔融曰：「袁公路冢中枯骨，何足挂齿！今日之事，天与不取，悔不可追。」 || Chapter 21, P021-029: 云长将胄头去迎玄德，具言车胄欲害之事，今已斩首。玄德大惊曰：「曹操若来，如之奈何？」云长曰：「弟与张飞迎之。」玄德懊悔不已，遂入徐州。百姓父老，伏道而接。玄德到府，寻张飞，飞已将车胄全家杀尽。玄德曰：「杀了曹操心腹之人，如何肯休？」陈登曰：「某有一计，可退曹操。」正是：既把孤身离虎穴，还将妙计息狼烟。不知陈登说出甚计来，且看下文分解。",named_dialogue_transition
刘备,魏延,2,2,0,2,"Chapter 53, P053-018: 玄德待黄忠甚厚。云长引魏延来见，孔明喝令刀斧手推出斩之。玄德惊问孔明曰：「魏延乃有功无罪之人，军师何故欲杀之？」孔明曰：「食其禄而杀其主，是不忠也；居其土而献其地，是不义也。吾观魏延脑后有反骨，久后必反，故先斩之，以绝祸根。」玄德曰：「若杀此人，恐降者人人自危；望军师恕之。」孔明指魏延曰：「吾今饶汝性命。汝可尽忠报主，勿生异心，若生异心，我好歹取汝首级。」 || Chapter 62, P062-027: 却说玄德立起免死旗，但川兵倒戈卸甲者，并不许杀害，如伤者偿命；又谕众降兵曰：「汝川人皆有父母妻子，愿降者充军，不愿降者放回。」于是欢声动地。黄忠安下寨脚，迳来见玄德，说魏延违了军令，可斩之，玄德急召魏延，魏延解冷苞至。玄德曰：「延虽有罪，此功可赎。」令魏延谢黄忠救命之恩，今后毋得相争。魏延顿首伏罪。玄德重赏黄忠。使人押冷苞到帐下，玄德去其缚，赐酒压惊，问日：「汝肯降否？」冷苞曰：「既蒙免死，如何不降？刘瑰，张任与某为生死之交；若肯放某回去，当即招二人来降，就献雒城。」玄德大喜，便赐衣服鞍马，令回雒城。魏延曰：「此人不可放回。若脱身一去，不复来矣。」玄德曰：「吾以仁义待人，人不负我。」",named_dialogue_transition
司马懿,张郃,2,1,1,1,"Chapter 101, P101-004: 于是司马懿令张郃为先锋，总督大军；又令郭淮守陇西诸郡。其余众将各分道而进。前军哨马报说：「孔明率大军望祁山进发，前部先锋王平、张嶷，迳出陈仓，过剑阁，由散关望斜谷而来。」司马懿谓张郃曰：「今孔明长驱大进，必将割陇西小麦，以资军粮。汝可结营祁山，吾与郭淮巡略天水诸郡，以防贼兵割麦。」郃领诺，遂领四万兵守祁山。懿引大军望陇西而去。 || Chapter 101, P101-026: 魏营巡哨兵来报司马懿曰：「蜀兵大队已退，但不知城中还有多少兵？」懿自往视之，见城上插旗，城中烟起，笑曰：「此乃空城也。」令人探之，果是空城。懿大喜曰：「孔明已退，谁敢追之？」先锋张郃曰：「吾愿往。」懿阻曰：「公性急躁，不可去。」郃曰：「都督出关之时，命吾为先锋；今日正是立功之际，却不用吾，何也？」懿曰：「蜀兵退去，险阻处必有埋伏，须十分仔细，方可追之。」郃曰：「吾已知得，不必挂虑。」懿曰：「公自欲去，莫要追悔。」郃曰：「大丈夫舍身报国，虽万死无恨。」懿曰：「公既坚执要去，可引五千兵先行；却教魏平引二万马步兵后行，以防埋伏。吾自引三千兵随后接应。」",named_dialogue_transition
孔融,刘备,2,1,0,2,"Chapter 11, P011-010: 孔融迎接玄德入城，叙礼毕，大设筵宴庆贺。又引糜竺出见玄德，具言张闿杀曹嵩之事：「今曹操纵兵大掠，围住徐州，特来求救。」玄德曰：「陶恭祖乃仁人君子，不意受此无辜之冤。」孔融曰：「公乃汉室宗亲，今曹操残害百姓，倚强欺弱，何不与融同往救之？」玄德曰：「备非敢推辞，奈兵微将寡，恐难轻动。」孔融曰：「融之欲救陶恭祖，虽因旧谊，亦为大义。公岂独无仗义之心耶？」玄德曰：「既如此，请文举先行，容备去公孙瓒处，借三五千人马，随后便来。」融曰：「公切勿失信。」玄德曰：「公以备为何如人也？圣人云：『自古皆有死，人无信不立。』刘备借得军，或借不得军，必然亲至。」 || Chapter 11, P011-010: 孔融迎接玄德入城，叙礼毕，大设筵宴庆贺。又引糜竺出见玄德，具言张闿杀曹嵩之事：「今曹操纵兵大掠，围住徐州，特来求救。」玄德曰：「陶恭祖乃仁人君子，不意受此无辜之冤。」孔融曰：「公乃汉室宗亲，今曹操残害百姓，倚强欺弱，何不与融同往救之？」玄德曰：「备非敢推辞，奈兵微将寡，恐难轻动。」孔融曰：「融之欲救陶恭祖，虽因旧谊，亦为大义。公岂独无仗义之心耶？」玄德曰：「既如此，请文举先行，容备去公孙瓒处，借三五千人马，随后便来。」融曰：「公切勿失信。」玄德曰：「公以备为何如人也？圣人云：『自古皆有死，人无信不立。』刘备借得军，或借不得军，必然亲至。」",named_dialogue_transition
孙乾,关羽,2,2,0,2,"Chapter 28, P028-016: 二夫人听得，揭帘而呼曰：「三叔何故如此？」飞曰：「嫂嫂住著。且看我杀了负义的人，然后请嫂嫂入城。」甘夫人曰：「二叔因不知你等下落，故暂时栖身曹氏。今知你哥哥在汝南，特不避险阻，送我们们到此。三叔休错见了。」糜夫人曰：「二叔向在许都，原出于无奈。」飞曰：「嫂嫂休要被他瞒过了！忠臣宁死而不辱。大丈夫岂有事二主之理！」关公曰：「贤弟休屈了我。」孙干曰：「云长特来寻将军。」飞喝曰：「如何你也胡说！他那里有好心！必是来捉我！」关公曰：「我若捉你，须带军马来。」飞把手指曰：「兀的不是军马来也！」 || Chapter 34, P034-021: 却说玄德奔回新野，自知失言取祸，未对众人言之。忽使者至，请赴襄阳。孙干曰：「昨见主公匆匆而回，意甚不乐。愚意度之，在荆州必有事故。今忽请赴会，不可轻往。」玄德方将前项事诉与诸人。云长曰：「兄自疑心语失。刘荆州并无嗔责之意。外人之言，未可轻信。襄阳离此不远，若不去，则荆州反生疑矣。」玄德曰：「云长之言是也。」张飞曰：「筵无好筵，会无好会，不如休去。」赵云曰：「某将马步军三百人同往，可保主公无事。」玄德曰：「如此甚好。」",named_dialogue_transition
孙乾,张飞,2,2,0,2,"Chapter 16, P016-002: 玄德闻知此信，聚众商议。张飞要出战。孙干曰：「今小沛粮寡兵微，如何抵敌？可修书告急于吕布。」张飞曰：「那厮如何肯来！」玄德曰：「干之言善。」送修书与吕布。书略曰。伏自将军垂念，今备于小沛容身，实拜云天之德。今袁术欲报私雠，遣纪灵领兵到县，亡在旦夕，非将军莫能救。望驱一旅之师，以救倒悬之急，幸甚幸甚！ || Chapter 57, P057-016: 张飞大怒，欲擒之。孙干曰：「庞士元乃高明之人，未可轻忽。且到县问之。如果于理不当，治罪未晚。」飞乃入县，正厅上坐定，教县令来见。统衣冠不整，扶醉而出。飞怒曰：「吾兄以汝为人，令作县宰，汝焉敢尽废县事？」统笑曰：「将军以吾废了县中何事？」飞曰：「汝到任百余日，终日在醉乡，安得不废政事？」统曰：「量百里小县，些许公事，何难决断？将军少坐，待我发落。」随即唤公吏，将百余日所积公务，都取来剖断，吏皆纷然赍抱案卷，上厅诉词。被告人等，环跪阶下。统手中批判，口中发落，耳内听词，曲直分明，并无分毫差错，民皆叩首拜伏。不到半日，将百余日之事，尽断毕了，投笔于地，而对张飞曰：「所废之事何在？曹操，孙权，吾视之若掌上观文，量此小县，何足介意！」",named_dialogue_transition
张昭,周瑜,2,1,0,2,"Chapter 38, P038-018: 建安七年，曹操破袁绍，遣使往江东，命孙权遣子入朝随驾。权犹豫未决。吴太夫人命周瑜、张昭等面议。张昭曰：「操欲令我遣子入朝，是牵制诸侯之法也。然若不令去，恐其兴兵下江东，势必危矣。」周瑜曰：「将军承父兄遣业，兼六郡之众，兵精粮足，将士用命，有何逼迫而欲送质于人？质一入，不得不与曹氏连和；彼有命召，不得不往；如此则见制于人也。不如勿遣，徐观其变，别以良策御之。」吴太夫人曰：「公瑾之言是也。」权遂从其言，谢使者，不遣子。自此曹操有下江南之意。但正值北方未宁，无暇南征。 || Chapter 38, P038-027: 言讫遂终。孙权哀哭，具丧葬之礼，自不必说。至来年春，孙权商议欲伐黄祖。张昭曰：「居丧未及期年，不可动兵．」周瑜曰：「报仇雪恨，何待期年？」权犹豫未决。适北平都尉吕蒙入见，告权曰：「某把龙湫水口，忽有黄祖部将甘宁来降。某细询之。宁字兴霸，巴郡临江人也；颇通书史，有气力，好游侠；尝招合亡命，纵横于江湖之中；腰悬铜铃，人听铃声，尽皆避之。又尝以西川锦作帆幔，时人皆称为『锦帆贼』。后悔前非，改行从善，引众投刘表。见表不能成事，即欲来投东吴，却被黄祖留住在夏口。",named_dialogue_transition
张飞,关羽,2,2,1,1,"Chapter 5, P005-009: 且说北平太守公孙瓒，统领精兵一万五千，路经德州平原县。正行之间，遥见桑树丛中，一面黄旗，数骑来迎。瓒视之，乃刘玄德也。瓒问曰：「贤弟何故在此？」玄德曰：「旧日蒙兄保备为平原县令，今闻大军过此，特来奉候，就请兄长入城歇马。」瓒指关、张而问曰：「此何人也？」玄德曰：「此关羽，张飞，备结义兄弟也。」瓒曰：「乃同破黄巾者乎？」玄德曰：「皆此二人之力。」瓒曰：「今居何职？」玄德答曰：「关羽为马弓手，张飞为步弓手。」瓒叹曰：「如此可谓埋没英雄！今董卓作乱，天下诸侯，共往诛之。贤弟可弃此卑官，一同讨贼，力扶汉室，若何？」玄德曰：「愿往。」张飞曰：「当时若容我杀了此贼，免有今日之事。」云长曰：「事已至此，即当收拾前去。」 || Chapter 39, P039-021: 正说之间，玄德召二人入，谓曰：「夏侯惇引兵到来，如何迎敌？」张飞曰：「哥哥何不使『水』去？」玄德曰：「智赖孔明，勇须二弟，何可推诿？」关、张出，玄德请孔明商议。孔明曰：「但恐关、张二人，不肯听吾号令。主公若欲亮行兵，乞假剑印。」玄德便以剑印付孔明，孔明遂聚集众将听令。张飞谓云长曰：「且听令去．看他如何调度。」",named_dialogue_transition
张飞,诸葛亮,2,2,0,2,"Chapter 39, P039-023: 云长曰：「我等皆出迎敌，未审军师却作何事？」孔明曰：「我只坐守此城。」张飞大笑曰：「我们都去厮杀，你却在家里坐地，好自在！」孔明曰：「剑印在此，违令者斩！」玄德曰：「岂不闻『运筹帷幄之中，决胜千里之外』？二弟不可违令。」张飞冷笑而去。云长曰：「我们且看他的计应也不应，那时却来问他未迟。」 || Chapter 65, P065-006: 却说张飞闻马超攻关，大叫而入曰：「辞了哥哥，便去战马超也！」孔明佯作不闻，对玄德曰：「今马超侵犯关隘，无人可敌；除非往荆州取关云长来，方可与敌。」张飞曰：「军师何故小觑吾？吾曾独拒曹操百万之兵，岂愁马超一匹夫乎？」孔明曰：「翼德拒水断桥，此因曹操不知虚实耳。若知虚实将军岂得无事？今马超之勇，天下皆知。渭桥大战，杀得曹操割须弃袍，几乎丧命，非等闲之比，云长且未必能胜。」飞曰：「我只今便去；如胜不得马超，甘当军令！」孔明曰：「即尔肯写文书，便为先锋。请主公亲自去一遭。留亮守绵竹。待子龙来，却作商议。」魏延曰：「某亦愿往。」",named_dialogue_transition
法正,诸葛亮,2,2,0,2,"Chapter 64, P064-024: 张飞，赵云领命，各自引兵去了。孔明问：「前去有何处关隘？」蜀中降将曰：「止绵竹有重兵守御，若得绵竹，成都唾手可得。」孔明便商议进兵。法正曰：「雒城既破，蜀中危矣。主公欲以仁义服众，且勿进兵。某作一书上刘璋，陈说利害，璋自然降矣。」孔明曰：「孝直之言最善。」便令写书遣人迳往成都。 || Chapter 70, P070-016: 却说葭萌关守将孟达，霍峻，知张郃兵来。霍峻只要坚守，孟达定要迎敌。引军下关与张郃交锋，大败而回。霍峻急申文书到成都。玄德闻知，请军师商议。孔明聚众将于堂上，问曰：「今葭萌关紧急，必须阆中取翼德，方可退张郃也。」法正曰：「今翼德兵屯瓦口，镇守阆中，亦是紧要之地，不可取回。帐中诸将内，选一人去破张郃。」孔明笑曰：「张郃乃魏之名将，非等闲可及。除非翼德，无人可当。」忽一人厉声而出曰：「军师何轻视众人耶﹖吾虽不才，愿斩张郃首级，献于麾下。」",named_dialogue_transition
程昱,荀攸,2,2,0,2,"Chapter 32, P032-012: 操看书毕，留辛毗于寨中，聚文武计议。程昱曰：「袁谭被袁尚攻击太急，不得已而来降，不可准信。」吕虔、满宠亦曰：「丞相既引兵至此，安可复舍表而助谭？」荀攸曰：「三公之言未善。以愚意度之，天下方有事，而刘表坐保江、汉之间，不敢展足，其无四方之志可知矣；袁氏据四州之地，带甲数十万，若二子和睦，共守成业，天下事未可知也。今其兄弟相攻，势穷而投我，我提兵先除袁尚，后观其变。并灭袁谭，天下定矣。此机会不可失也。」 || Chapter 48, P048-012: 令毕，水军寨中发擂三通，各队伍战船，分门而出。是日西北风骤起，各船拽起风帆，冲波激浪，稳如平地。北军在船上，踊跃施勇，刺鎗使刀。前后左右各军，旗旛不杂。又有小船五十余只，往来巡警催督。操立于将台之上，观看调练，心中大喜，以为必胜之法;教且收住帆慢，各依次序回寨。操升帐谓众谋士曰：「若非天命助吾，安得凤雏妙计？铁索连舟，果然渡江如屐平地。」程昱曰：「船皆连锁，固是平稳;但彼若用火攻，难以回避。不可不防。」操大笑曰：「程仲德虽有远虑，却还有见不到处。」荀攸曰：「仲德之言甚是。丞相何故笑之？」",named_dialogue_transition
诸葛亮,刘琦,2,1,0,2,"Chapter 42, P042-018: 玄德大悦，合为一处，商议破曹之策。孔明曰：「夏口城险，颇有钱粮，可以久守。请主公到夏口屯住。公子自回江夏，整顿战船，收拾军器，为犄角之势，可以抵当曹操。若共归江夏，则势反孤矣。」刘琦曰：「军师之言甚善。但愚意欲请叔父暂至江夏，整顿军马停当，再回夏口不迟。」玄德曰：「贤姪之言亦是。」遂留下云长，引五千军守夏口。玄德、孔明、刘琦共投江夏。 || Chapter 42, P042-024: 正说间，人报江东孙权差鲁肃来吊丧，船已傍岸。孔明笑曰：「大事济矣！」遂问刘琦曰：「往日孙策亡时，襄阳曾遣人去吊丧否？」琦曰：「江东与我家有杀父之雠，安得通庆吊之礼？」孔明曰：「然则鲁肃之来，非为吊丧，乃来探听军情也。」遂谓玄德曰：「鲁肃至，若问曹操动静，主公只推不知。再三问时，主公只说可问诸葛亮。」",named_dialogue_transition
诸葛亮,周瑜,2,1,0,2,"Chapter 49, P049-002: 却说鲁肃见周瑜卧病，心中忧闷，来见孔明，言周瑜猝病之事。孔明曰：「公以为何如！」肃曰：「此乃曹操之福，江东之祸也。」孔明笑曰：「公瑾之病，亮亦能医。」肃曰：「诚如此，则国家幸甚！」即请孔明同去看病。肃先入见周瑜。瑜以被蒙头而卧。肃曰：「都督病势若何？」周瑜曰：「心腹搅痛，时复昏迷。」肃曰：「曾服何药饵？」瑜曰：「心中呕逆，药不能下。」肃曰：「适来去望孔明，言能医都督之病。现在帐外，烦来医治，何如？」 || Chapter 49, P049-004: 瑜料孔明必知其意，乃以言挑之曰：「欲得顺气，当服何药？」孔明笑曰：「亮有一方，便教都督气顺。」瑜曰：「愿先生赐教。」孔明索纸笔，屏退左右，密书十六字曰：「欲破曹公，宜用火攻；万事俱备，只欠东风。」写毕，递与周瑜曰：「此都督病源也。」",named_dialogue_transition
诸葛亮,姜维,2,2,0,2,"Chapter 94, P094-003: 兴在垓心，左冲右突，不能得脱；铁车密围，就如城池。蜀兵你我不能相顾。兴望山谷中寻路走。看看天晚，但见一簇皂旗，蜂拥而来：一员羌将，手提铁锤大叫曰：「小将休走！吾乃越吉元帅也！」关兴急走到前面，尽力纵马加鞭，正迈断涧，只得回马来战越吉。兴终是胆寒，抵敌不住，望涧中而逃；被越吉赶到，一铁锤打来，兴急闪过，正中马胯。那马望涧中便到，兴落于水中。忽听得一声响处，背后越吉连人带马，平白地倒下水来。兴就水中挣起看时，只见岸上一员大将，杀退羌兵。兴提刀待砍越吉，吉跃水而走。关兴得了越吉马，牵到岸上，整顿鞍辔，绰刀上马。只见那员将，尚在前面追杀羌兵。兴自思此人救我性命，当与相见，遂拍马赶来。看看至近，只见云雾之中，隐隐有一大将，面如重枣，眉若卧蚕，绿袍金铠，提青龙刀，骑赤兔马，手绰美髯；分明认得是父亲关公。兴大惊。忽见关公以手望东南指曰：「吾儿可速望此路去。吾当护汝归寨。」言讫不见。关兴望东南急走。至半夜，忽一彪到：乃张苞也，问兴曰：「你曾见二伯父否？」兴曰：「你何由知之？」苞曰：「我被铁车军追急，忽见伯父自空而下，惊退羌兵，指曰：『汝从这条路去救吾儿。』因此引军迳来寻你。」关兴亦说前事，共相嗟异。二人同归寨内。马岱接著，对二人说：「此军无计可退。我守住寨栅，你二人去禀丞相，用计破之。」于是兴、苞二人，星夜来见孔明，备说此事。孔明随命赵云、魏延各引一军埋伏去讫；然后点三万军，带了姜维、张翼、关兴、张苞，亲自来到马岱寨中歇定。次日上高阜处观看，见铁车连络不绝，人马纵横，往来驰骤。孔明曰：「此不难破也。」唤马岱、张翼分付如此如此。二人去了，乃唤姜维曰：「伯约知破车之法否？」维曰：「羌人惟恃一勇力，岂知妙计乎？」孔明笑曰：「汝知吾心也。今彤云密布，朔风紧急，天将降雪，吾计可施矣。」便令关兴、张苞二人引兵埋伏去讫。令姜维领兵出战：但有铁车兵来，退后便走；寨口虚立旌旗，不设军马：准备已定。 || Chapter 103, P103-033: 于是令军中传说：魏主命辛毗持节，传谕司马懿勿得出战。蜀将闻知此事，报与孔明。孔明笑曰：「此乃司马懿安三军之法也。」姜维曰：「丞相何以知之？」孔明曰：「彼本无战心;所以请战者，以示武于众耳。岂不闻：『将在外,君命有所不受』？安有千里而请战者乎？此乃司马懿因将士忿怒，故借曹叡之意，以制众人。今又播传此言，欲懈我军心也。」",named_dialogue_transition
诸葛亮,张飞,2,2,1,1,"Chapter 39, P039-023: 云长曰：「我等皆出迎敌，未审军师却作何事？」孔明曰：「我只坐守此城。」张飞大笑曰：「我们都去厮杀，你却在家里坐地，好自在！」孔明曰：「剑印在此，违令者斩！」玄德曰：「岂不闻『运筹帷幄之中，决胜千里之外』？二弟不可违令。」张飞冷笑而去。云长曰：「我们且看他的计应也不应，那时却来问他未迟。」 || Chapter 53, P053-001: 却说孔明谓张飞曰：「前者子龙取桂阳郡时，责下军令状而去。今日翼德要取武陵，必须也责下军令状，方可领兵去。」张飞遂立军令状，欣然领三千军，星夜投武陵界上来。",named_dialogue_transition
诸葛亮,魏延,2,2,0,2,"Chapter 65, P065-006: 却说张飞闻马超攻关，大叫而入曰：「辞了哥哥，便去战马超也！」孔明佯作不闻，对玄德曰：「今马超侵犯关隘，无人可敌；除非往荆州取关云长来，方可与敌。」张飞曰：「军师何故小觑吾？吾曾独拒曹操百万之兵，岂愁马超一匹夫乎？」孔明曰：「翼德拒水断桥，此因曹操不知虚实耳。若知虚实将军岂得无事？今马超之勇，天下皆知。渭桥大战，杀得曹操割须弃袍，几乎丧命，非等闲之比，云长且未必能胜。」飞曰：「我只今便去；如胜不得马超，甘当军令！」孔明曰：「即尔肯写文书，便为先锋。请主公亲自去一遭。留亮守绵竹。待子龙来，却作商议。」魏延曰：「某亦愿往。」 || Chapter 97, P097-019: 孔明心中忧闷。忽报：「东边救兵到了，旗上大书魏先锋大将王双」。孔明问曰：「谁可迎之？」魏延曰：「某愿往。」孔明曰：「汝乃先锋大将，未可轻出。」又问：「谁敢迎之？」裨将谢雄应声而出。孔明与三千军去了。孔明又问曰：「谁敢再去？」裨将龚起应声要去。孔明亦与三千军去了。孔明恐城内郝昭引兵冲出乃把人马退二十里下寨。",named_dialogue_transition
赵云,刘备,2,2,1,1,"Chapter 34, P034-021: 却说玄德奔回新野，自知失言取祸，未对众人言之。忽使者至，请赴襄阳。孙干曰：「昨见主公匆匆而回，意甚不乐。愚意度之，在荆州必有事故。今忽请赴会，不可轻往。」玄德方将前项事诉与诸人。云长曰：「兄自疑心语失。刘荆州并无嗔责之意。外人之言，未可轻信。襄阳离此不远，若不去，则荆州反生疑矣。」玄德曰：「云长之言是也。」张飞曰：「筵无好筵，会无好会，不如休去。」赵云曰：「某将马步军三百人同往，可保主公无事。」玄德曰：「如此甚好。」 || Chapter 54, P054-026: 少刻，子龙带剑而入，立于玄德之侧。国太问曰：「此是何人？」玄德答曰：「常山赵子龙也。」国太曰：「莫非当阳长阪抱阿斗者乎？」玄德曰：「然。」国太曰：「真将军也！」遂赐以酒。赵云谓玄德曰：「却才某于廊下巡视，见房内有刀斧手埋伏，必无好意。可告知国太。」玄德乃跪于国太席前，泣而告曰：「若杀刘备，就此请诛。」国太曰：「何出此言？」玄德曰：「廊下暗伏刀斧手，非杀备而何？」",named_dialogue_transition
邓芝,诸葛亮,2,1,0,2,"Chapter 92, P092-004: 次日，夏侯楙复整金鼓旗旛，率兵而进。赵云、邓芝出迎。芝在马上谓赵云曰：「昨夜魏兵大败而走，今日复来，必有诈也，老将军防之。」子龙曰：「量此乳臭小儿，何足道哉！吾今日必当擒之！」便跃马而出，魏将潘遂出迎，战不三合，拨马便走。赵云赶去，魏阵中八员将一齐来迎。放过夏侯楙先走，八将陆续奔走。赵云乘势追杀，邓芝引兵继进。赵云深入重地，只听得四面喊声大震。邓芝急收军退回，左有董禧，右有薛则，两路兵杀到。邓芝兵少，不能解救。赵云被困在垓心，东冲西突，魏兵越厚。时云手下止有千余人，杀到山坡之下，只见夏侯楙在山上指挥三军。赵云投东则望东指，投西则望西指：因此赵云不能突围，乃引兵欲上山来。半山中擂木砲石打将下来，不能上山。赵云从辰时杀至酉时，不能得走出，只得下马少歇，且待月明再战。却才卸甲而坐，月光方出，忽四下火光冲天，鼓声大震，矢石如雨，魏兵杀到，皆叫曰：「赵云早降！」云急上马迎敌、四面军马渐渐逼近，八方弩箭交射甚急，人马皆不能向前。云仰天叹曰：「吾不服老，死于此地矣！」忽东北角上喊声大起，魏兵纷纷乱窜。一彪军杀到，为首大将持丈八点钢矛，马项下挂一颗人头，云视之，乃张苞也。苞见赵云，言曰：「丞相恐老将军有失，特遣某引军五千兵接应。闻老将军被困，故杀透重围。正遇魏将薛则，被某杀之。」云大喜，即与张苞杀出西北角来。只见魏兵弃戈奔走。一彪军从外呐喊杀入，为首大将提偃月青龙刀，手挽人头。云视之，乃关兴也。兴曰：「奉丞相之命，恐老将军有失，特引五千兵前来接应。却才阵上逢著魏将董禧，被吾一刀斩之，枭道在此。丞相随后便到也。」云曰：「二将军已建奇功，不趁今日擒住夏侯楙，以定大事？」张苞闻言，遂引兵去了。兴曰：「我也干功去。」亦引兵去了。云回顾左右曰：「他两个是吾子姪辈，尚且争先干功；吾乃国家上将，朝廷旧臣，反不如此小辈耶？吾当舍老命以报先帝之恩！」于是引兵来捉夏侯楙。当夜三路兵夹攻，大破魏军一阵。邓芝引兵接应，杀得尸横遍野，血流成河。夏侯楙乃无谋之人，更兼年幼，不曾经战；见军大乱，遂引帐下骁将百余人，望南安郡而走。众军因见无主，尽皆逃窜。兴、苞二将，闻夏侯楙望南安郡去了，连夜赶来。楙走入城中，紧闭城门，驱兵守御。兴、苞二人赶到，将城围住；赵云随后也到：三面攻打。少时，邓芝亦引兵到。一连围了十日，攻打不下。忽报丞相留后军住沔阳，左军屯阳平，右军屯石城，自引中军来到。赵云、邓芝郡关兴、张苞皆来拜问孔明，说连日攻城不下。孔明遂乘小车亲到城边周围看了一遍，回寨升帐而坐。众将环立听令。孔明曰：「此郡壕深成峻，不易攻也。吾正事不在此城，如汝等只久攻，倘魏兵分道而出，以取汉中，吾军危矣。」邓芝曰：「夏侯楙乃魏之驸马，若擒此人，胜斩百将。今困于此，岂可弃之而去？」孔明曰：「吾自有计。此处西连天水郡，北抵安定郡；二处太守，不知何人？」探卒答曰：「天水太守马遵，安定太守崔谅。」孔明大喜，乃唤魏延受计，如此如此；又唤关兴、张苞受计，如此如此；又唤心腹军士二人受计，如此行之。各将领命，引兵而去。孔明却在南安城外，令军运迆草堆于城下，口称烧城。魏兵闻知，皆大笑不惧。 || Chapter 92, P092-009: 孔明入南安，招谕军民，秋毫无犯。众将各各献功。孔明将夏侯楙囚于车中。邓芝问曰：「丞相何故知崔谅诈也？」孔明曰：「吾已知此无降心，故意使入城。彼必尽情告与夏侯楙，欲将计就计而行。吾见来情，足知其诈，复使二将同去，以稳其心。此人若有真心，必然阻当；彼忻然同去者，恐吾疑也。他意中度二将同去，赚入城中杀之未迟；又令吾军有托，放心而进。吾已暗嘱二将，就城门下图之。城内必无准备，吾军随后便去，此出其不意也。」众将拜服。孔明曰：「赚崔谅者，吾使心腹人诈作魏将裴绪也。吾又去赚天水郡，至今未到，不知何故。今可乘势取之。」乃留吴懿守南安，刘琰守安定，替出魏延军马去取天水郡。",named_dialogue_transition
公孙瓒,袁绍,1,1,0,1,"Chapter 5, P005-017: 忽探子来报：「华雄引铁骑下关，用长竿挑著孙太守赤帻，来寨前大骂搦战。」绍曰：「谁敢去战？」袁术背后转出骁将俞涉曰：「小将愿往。」绍喜，便著俞涉出马。即时报来：「俞涉与华雄战不三合，被华雄斩了。」众大惊。太守韩馥曰：「吾有上将潘凤，可斩华雄。」绍急令出战。潘凤手提大斧上马。去不多时，飞马来报：「潘凤又被华雄斩了。」众皆失色。绍曰：「可惜吾上将颜良、文丑未至！得一人在此，何惧华雄？」言未毕，阶下一人大呼出曰：「小将军愿往斩华雄头，献于帐下！」众视之，见其人身长九尺，髯长二尺；丹凤眼，卧蚕眉；面如重枣，声如巨钟；立于帐前。绍问何人。公孙瓒曰：「此刘玄德之弟关羽也。」绍问见居何职。瓒曰：「跟随刘玄德充马弓手。」帐上袁术大喝曰：「汝欺吾众诸侯无大将耶？量一弓手，安敢乱言！与我打出！」曹操急止之曰：「公路息怒：此人既出大言，必有勇略；试教出马，如其不胜，责之未迟。」袁绍曰：「使一弓手出战，必被华雄所笑。」操曰：「此人仪表不俗，华雄安知他是弓手？」关公曰：「如不胜，请斩某头。」",named_dialogue_transition
关羽,荀彧,1,1,0,1,"Chapter 25, P025-010: 张辽再往上回报关公。关公曰：「虽然如此，暂请丞相退军，容我入城见二嫂，告知其事，然后投降。」张辽再回，以此言报曹操。操即传令，退军至十里。荀彧曰：「不可。恐有诈。」操曰：「云长义士，必不失信。」遂引军退。关公引兵入下邳，见人民安妥不动，竟到府中，来见二嫂。",named_dialogue_transition
刘备,孙乾,1,1,0,1,"Chapter 19, P019-003: 且说玄德匹马逃难，正行间，背后一人赶至，视之乃孙干也。玄德曰：「吾今两弟不知存亡，妻小失散，为之奈何？」孙干曰：「不若且投曹操，以图后计。」玄德依言，寻小路投许都。途次绝粮，尝往村中求食。但到处，闻刘豫州，皆争进饮食。一日，到一家投宿，其家一少年出拜，问其姓名，乃猎户刘安也。",named_dialogue_transition
刘备,孟达,1,1,0,1,"Chapter 62, P062-030: 却说玄德令黄忠，魏延各守一寨，自回涪城，与军师庞统商议。细作报说：「东吴孙权遣人结好东川张鲁，将欲来攻葭萌关。」玄德惊曰：「若葭萌关有失，截断后路，吾进退不得，当如之何？」庞统谓孟达曰：「公乃蜀中人，多知地理，去守葭萌关，如何？」达曰：「某保一人与某同去守关，万无一失。」玄德问何人。达曰：「此人曾在荆州刘表部下为中郎将，乃南郡枝江人。姓霍，名峻，字仲邈。」玄德大喜，即时遣孟达，霍峻守葭萌关去了。",named_dialogue_transition
刘备,法正,1,1,0,1,"Chapter 60, P060-025: 玄德看毕大喜，设宴相待法正。酒过数巡，玄德屏退左右，密谓正曰：「久仰孝直英明，张别驾多谈盛德。今获听教，甚慰平生。」法正谢曰：「蜀中小吏，何足道哉？盖闻马逢伯乐而嘶，人遇知已而死。张别驾昔之言，将军复有意乎？」玄德曰：「备一身寄客，未尝不伤感而叹息。思鹪鹩尚存一枝，狡兔尚藏三窟，何况人乎？蜀中丰余之地，非不欲取；奈刘季玉系备同宗，不忍相图。」法正曰：「益州天府之国，非治乱之主，不可居也。今刘季玉不能用贤，此业不久必属他人。今日自付与将军，不可错失。岂不闻『逐兔先得』之说乎？将军欲取，,某当效死。」玄德拱手谢曰：「尚容商议。」",named_dialogue_transition
刘备,程昱,1,1,0,1,"Chapter 21, P021-016: 次日，玄德面奏献帝。操令玄德总督五万人马，又差朱灵、路昭二人同行。玄德辞帝，帝泣送之。玄德到寓，星夜收拾军军器鞍马，挂了将军印，催促便行。董承赶出十里长亭来送。玄德曰：「国舅忍耐，某次行必有以报命。」承曰：「公宜留意，勿负帝心。」二人分别。关，张在马上问曰：「兄今番出征，何故如此慌速？」玄德曰：「吾乃笼中鸟，网中鱼。此一行如鱼入大海，鸟上青霁，不受笼网之羁绊也。」因命关，张催朱灵，路昭，军马速行。时郭嘉，程昱，考较钱粮方回，知曹操已遣玄德进兵徐州，慌入谏曰：「丞相何故令刘备督军？」操曰：「欲截袁术耳。」程昱曰：「昔刘备为豫州牧时，某等请杀之，丞相不听；今日又与之兵，此放龙入海，纵虎归山也。后欲治之，其可得乎？」郭嘉曰：「丞相纵不杀备，亦不当使之去。古人云：『一日纵敌，万世之患。』望丞相察之。」操然其言，遂令许褚将兵五百前往，务要追玄德转来。许褚应诺而去。",named_dialogue_transition
刘备,袁绍,1,1,0,1,"Chapter 26, P026-009: 少顷，玄德至，绍令推出斩之。玄德曰：「某有何罪？」绍曰：「你故使汝弟又坏我一员大将，如何无罪？」玄德曰：「容伸一言而死。曹操素忌备，今知备在明公处，恐备助公，故特使云长诛杀二将。公知必怒。此借公之手以杀刘备也，愿明公思之。」袁绍曰：「玄德之言是也。汝等几使我受害贤之名。」喝退左右，请玄德上帐而坐。",named_dialogue_transition
刘备,赵云,1,1,0,1,"Chapter 72, P072-001: 却说徐晃引军渡汉水，王平苦谏不听，渡过汉水扎营。黄忠，赵云，告玄德曰：「某等各引本部兵去迎曹兵。」玄德应允。二人引兵而行。忠谓云曰：「今徐晃恃勇而来，且休与敌；待日暮兵疲，你我分兵两路击之，可也。」云然之，各引一军据住寨栅。徐晃引兵从辰时搦战，直至申时，蜀兵不动。晃尽教弓弩手向前，望蜀营射去。黄忠谓赵云曰：「徐晃令弓弩射者，其军必将退也；可乘时击之。」",named_dialogue_transition
刘备,郭嘉,1,1,0,1,"Chapter 21, P021-017: 却说玄德正行之间，只见后面尘头骤起，谓关，张曰：「此必曹兵追至也。」遂下了营寨，令关，张各执军器，立于两边。许褚至，见严兵整甲，乃下马入营见玄德。玄德曰：「公来此何干？」褚曰：「奉丞相命，特请将军回去，别有商议。」玄德曰：「『将在外，君命有所不受。』吾面过君，又蒙丞相钧语，今别无他议，公可速回，为我禀复丞相。」许褚寻思：「丞相与他一向交好，今番又不曾教我来厮杀，只得将他言语回复，另候裁夺便了。」遂辞了玄德领兵而回；回见曹操，备述玄德之言。操犹豫未决。程昱，郭嘉曰：「备不肯回兵，可知心变。」操曰：「我有朱灵，路昭，二人在彼，料玄德未敢心变。况我既遣之，何可复悔？」遂不复追玄德。后人有诗赞玄德曰：",named_dialogue_transition
刘备,陈宫,1,1,0,1,"Chapter 13, P013-004: 玄德领众出城三十里，接著吕布，并马入城。都到州衙厅上，讲礼毕，坐下。布曰：「某自与王司徒计杀董卓之后，又遭傕、汜之变，飘零关东，诸侯多不能相容。近因曹贼不仁，侵犯徐州蒙使君力救陶谦，布因袭兖州以分其势；不料反堕奸计，败兵折将。今投使君，共图大事，未审尊意如何？」玄德曰：「陶使君新逝，无人管领徐州，因令备权摄州事。今幸将军至此，合当相让。」遂将牌印与吕布。吕布却待要接，只见玄德背后关、张二公各有怒色。布乃佯笑曰：「量吕布一勇夫，何能作州牧乎？」玄德又让。陈宫曰：「『强宾不压主』，请使君勿疑。」玄德方止。遂设宴相待，收拾宅院安下。",named_dialogue_transition
刘备,鲁肃,1,1,0,1,"Chapter 42, P042-025: 计议已定，使人迎接鲁肃。肃入城吊丧，收过礼物，刘琦请肃与玄德相见。礼毕，邀入后堂饮酒。肃曰：「久闻皇叔大名，无缘拜会；今幸得见，实为欣慰。近闻皇叔与曹操会战，必知彼虚实：敢问操军约有几何？」玄德曰：「备兵微将寡，一闻操至即走，竟不知彼虚实。」鲁肃曰：「闻皇叔用诸葛孔明之谋，两场火烧得曹操魂亡胆落，何言不知耶？」玄德曰：「除非问孔明，便知其详。」肃曰：「孔明安在？愿求一见。」",named_dialogue_transition
刘琦,诸葛亮,1,1,0,1,"Chapter 42, P042-024: 正说间，人报江东孙权差鲁肃来吊丧，船已傍岸。孔明笑曰：「大事济矣！」遂问刘琦曰：「往日孙策亡时，襄阳曾遣人去吊丧否？」琦曰：「江东与我家有杀父之雠，安得通庆吊之礼？」孔明曰：「然则鲁肃之来，非为吊丧，乃来探听军情也。」遂谓玄德曰：「鲁肃至，若问曹操动静，主公只推不知。再三问时，主公只说可问诸葛亮。」",named_dialogue_transition
刘璋,庞统,1,1,0,1,"Chapter 62, P062-003: 玄德从之，遣人往成都。来到关前，杨怀高沛闻知此事，遂教高沛守关，杨怀同使者入成都，见刘璋呈上书信。刘璋看毕，问杨怀为何亦同来。杨怀曰：「专为此书而来。刘备自从入川，广布恩德，以收民心，其意甚是不善。今求军马钱粮，切不可与。如若相助，是把薪助火也。」刘璋曰：「吾与玄德有兄弟之情，岂可不助？」一人出曰：「刘备枭雄，久留于蜀而不遣，是纵虎入室矣，今更助之以军马钱粮，何异与虎添翼乎？」众视其人，乃零陵烝阳人，姓刘名巴字子初。刘璋闻刘巴之言，犹豫未决。黄权又复苦谏。璋乃量拨老弱军四千，米一万斛，发书遣使报玄德，仍令杨怀，高沛紧守关隘。刘璋使者到葭萌关见玄德，呈上回书。玄德大怒曰：「吾为汝御敌，费力劳心。汝今惜财吝赏，何以使士卒效命乎？」遂扯毁回书，大骂而起。使者逃回成都。庞统曰：「主公只以仁义为重，今日毁书发怒，前情尽弃矣。」玄德曰：「如此，当若何？」庞统曰：「某有三条计策，请主公自择而行。」",named_dialogue_transition
刘禅,夏侯霸,1,1,0,1,"Chapter 110, P110-018: 却说西蜀细作，哨知此事，报入成都。姜维奏后主曰：「司马师新亡，司马昭初握重权，必不敢擅离洛阳。臣请乘间伐魏，以复中原。」后主从之，遂命姜维兴师伐魏。维到汉中，整顿人马。征西大将军张翼曰：「蜀地浅狭，钱粮浅薄，不宜远征；不如据险守分，恤军爱民：此乃保国之计也。」维曰：「不然。昔丞相未出茅庐，已定三分天下，然其六出祁山以图中原；不幸半途而丧，以致功业未成。今吾既受丞相遗命，当尽忠报国以继其志，虽死而无恨也。今魏有隙可乘，不就此时伐之，更待何时？」夏侯霸曰：「将军之言是也。可将轻骑先出枹罕。若得洮西、南安，则诸郡可定。」张翼曰：「向者不克而还，皆因军出甚迟也。兵法云：『攻其无备，出其不意。』今若火速进兵，使魏人不能提防，必然全胜矣。」",named_dialogue_transition
刘禅,费祎,1,1,0,1,"Chapter 101, P101-033: 却说孔明入汉中，欲归成都见后主。都护李严妄奏后主曰：「臣已备办军粮，行将运赴丞相军前，不知丞相何故忽然班师。」后主闻奏，即命尚书费祎入汉中，见孔明，问班师之故。祎至汉中宣后主之意。孔明大惊曰：「李严发书告急，说东吴将兴兵寇川，因此班师。」费祎曰：「李严奏称军粮已办，丞相无故回师，天子因此命某来问耳。」",named_dialogue_transition
刘表,刘备,1,1,0,1,"Chapter 34, P034-010: 此时曹操正统兵北征。玄德乃往荆州，说刘表曰：「今曹操北征，许昌空虚，若以荆、襄之众，乘间袭之，大事可就也。」表曰：「吾坐据荆州足矣，岂可别图？」玄德默然。表邀入后堂饮酒。酒至半酣，表忽然长叹。玄德曰：「兄长何故长叹？」表曰：「吾有心事，未易明言。」玄德再欲问时，蔡夫人出立屏后。刘表乃垂头不语。",named_dialogue_transition
刘表,贾诩,1,1,1,0,"Chapter 18, P018-008: 绣正往前追赶，忽山后一彪军拥出。绣不敢前追，收军回安众。刘表问贾诩曰：「前以精兵追退兵，而公曰必败；后以败卒击胜兵，而公曰必克；究竟悉如公言，何其事不同而皆验也？愿公明教我。」诩曰：「此易知耳。将军虽善用兵，非曹操敌手。操军虽败，必有劲将为殿，以防追兵；我兵虽锐，不能敌之也；故知必败。夫操之急于退兵者，必因许都有事；既破我追军之后，必轻车速回，不复为备；我乘其不备而更追之，故能胜也。」刘表、张绣俱服其高见。诩劝表回荆州，绣守襄城，以为唇齿，两军各散。",named_dialogue_transition
司马师,司马昭,1,1,0,1,"Chapter 94, P094-011: 却说司马懿在宛城闲住，闻知魏兵累败于蜀，乃仰天长叹。懿长子司马师，字子元；次子司马昭，字子尚：二人素有大志，通晓兵书。当日侍立于侧，见懿长叹，乃问曰：「父亲何为长叹？」懿曰：「汝辈岂知大事耶？」司马师曰：「莫非叹魏主不用乎？」司马昭笑曰：「早晚必来宣召父亲也。」言未已，忽报天使持节至。懿听诏毕，遂调宛城诸路军马。忽又报金城太守申仪家人，有机密事求见。懿唤入密室问之。其人细说孟达欲反之事。更有孟达心腹人李辅并达外甥邓贤，随状出首。司马懿听毕，以手加额曰：「此乃皇上齐天之洪福也！诸葛亮兵在祁山，杀得内外人胆落；今天子不得已而幸长安，若旦夕不用吾时，孟达一举，两京破矣！此贼必通谋诸葛亮；吾先摛之，诸葛亮定然心寒，自退兵也。」长子司马师曰：「父亲可急写表申奏天子。」懿曰：「若等圣旨，往复一月之间，事无及矣。」即传令教人马起程，一日要行两日之路，如迟立斩；一面令参军梁畿赍檄星夜去新城，教孟达等准备进征，使其不疑。梁畿先行，懿在后发兵。行了二日，山坡下转出一军，乃是右将军徐晃，晃下马见懿，说：「天子驾到长安，亲拒蜀兵，今都督何往？」懿低言曰：「今孟达造反，吾去擒之耳。」晃曰：「某愿为先锋。」懿大喜，合兵一处。徐晃为前部，懿在中军，二子押后。又行了二日，前军哨马捉住孟达心腹人，搜出孔明回书，来见司马懿。懿曰：「吾不杀汝。汝从头细说。」其人只得将孔明、孟达往复之事，一一告说。懿看了孔明回书，大惊曰：「世间能者所见皆同。吾机先被孔明识破。幸得天子有福，获此消息。孟达今无能为矣。」遂星夜催军前行。",named_dialogue_transition
司马懿,夏侯霸,1,1,0,1,"Chapter 104, P104-024: 却说夏侯霸引兵至五丈原看时,不见一人,急回报司马懿曰：「蜀兵已尽退矣。」懿跌足曰：「孔明真死矣！可速追之！」夏侯霸曰：「都督不可轻追。可令偏将先往。」懿曰：「此番须吾自行。」遂引兵同二子一齐杀奔五丈原来;呐喊摇旗,杀入蜀寨时,果无一人。懿顾二子曰：「汝急催兵赶来,吾先引军前进。」",named_dialogue_transition
司马昭,司马师,1,1,0,1,"Chapter 94, P094-011: 却说司马懿在宛城闲住，闻知魏兵累败于蜀，乃仰天长叹。懿长子司马师，字子元；次子司马昭，字子尚：二人素有大志，通晓兵书。当日侍立于侧，见懿长叹，乃问曰：「父亲何为长叹？」懿曰：「汝辈岂知大事耶？」司马师曰：「莫非叹魏主不用乎？」司马昭笑曰：「早晚必来宣召父亲也。」言未已，忽报天使持节至。懿听诏毕，遂调宛城诸路军马。忽又报金城太守申仪家人，有机密事求见。懿唤入密室问之。其人细说孟达欲反之事。更有孟达心腹人李辅并达外甥邓贤，随状出首。司马懿听毕，以手加额曰：「此乃皇上齐天之洪福也！诸葛亮兵在祁山，杀得内外人胆落；今天子不得已而幸长安，若旦夕不用吾时，孟达一举，两京破矣！此贼必通谋诸葛亮；吾先摛之，诸葛亮定然心寒，自退兵也。」长子司马师曰：「父亲可急写表申奏天子。」懿曰：「若等圣旨，往复一月之间，事无及矣。」即传令教人马起程，一日要行两日之路，如迟立斩；一面令参军梁畿赍檄星夜去新城，教孟达等准备进征，使其不疑。梁畿先行，懿在后发兵。行了二日，山坡下转出一军，乃是右将军徐晃，晃下马见懿，说：「天子驾到长安，亲拒蜀兵，今都督何往？」懿低言曰：「今孟达造反，吾去擒之耳。」晃曰：「某愿为先锋。」懿大喜，合兵一处。徐晃为前部，懿在中军，二子押后。又行了二日，前军哨马捉住孟达心腹人，搜出孔明回书，来见司马懿。懿曰：「吾不杀汝。汝从头细说。」其人只得将孔明、孟达往复之事，一一告说。懿看了孔明回书，大惊曰：「世间能者所见皆同。吾机先被孔明识破。幸得天子有福，获此消息。孟达今无能为矣。」遂星夜催军前行。",named_dialogue_transition
司马昭,诸葛亮,1,1,0,1,"Chapter 95, P095-012: 懿看毕大疑，便到中军，教后军作前军，前军作后军，望北山路而退。次子司马昭曰：「莫非诸葛亮无军，故作此态？父亲何便退兵？懿曰：「亮平生谨慎，不曾弄险。今大开城门，必有埋伏。我兵若进，中其计也。汝辈岂知？宜速退。」于是两路兵尽退去。孔明见魏军远去，抚掌而笑。众官无不骇然。乃问孔明曰：「司马懿乃魏之名将，今统十五万精兵到此，见了丞相，便速退去，何也？」孔明曰：「此人料吾平生谨慎，必不弄险；见如此模样，疑有伏兵，所以退去。吾非行险，盖因不得已而用之。此人必引军投山北小路去也。吾已令兴、苞二人在彼等候。」",named_dialogue_transition
司马昭,钟会,1,1,0,1,"Chapter 112, P112-013: 却说吴兵大半降魏，斐秀告司马昭曰：「吴兵老小，尽在东南江、淮之地，今若留之，久必为变，不如坑之。」钟会曰：「不然；古之用兵者，全国为上，戳其元恶而已。若尽坑之，是不仁也。不如放归江南，以显中国之宽大。」昭曰：「此妙论也。」遂将吴兵尽皆放归本国。唐咨因惧孙琳，不敢回国，亦来投魏。昭皆重用，令分部三河之地。淮南已平。正欲退兵，忽报西蜀姜维引兵来取长城，邀截粮草。昭大惊，与多官计议退兵之策。",named_dialogue_transition
吕布,刘备,1,1,0,1,"Chapter 15, P015-005: 玄德入见吕布拜谢。吕布曰：「我非欲夺城；因令弟张飞在此恃酒杀人，恐有失事，故来守之耳。」玄德曰：「备欲让兄久矣。」布假意仍让玄德。玄德力辞，还屯小沛住。关、张心中不平。玄德曰：「屈身守分，以待天时，不可与命争也。」吕布令人送粮米缎疋。自此两家和好，不在话下。",named_dialogue_transition
吴国太,孙权,1,1,0,1,"Chapter 61, P061-006: 正商议间，忽屏后一人大喝而出曰：「进此计者可斩之！欲害吾女之命耶？」众惊视之，乃吴国太也。国太怒曰：「吾一生唯有一女，嫁与刘备。今若动兵，吾女性命如何？」因叱孙权曰：「汝掌父兄之业，坐领八十一州，尚自不足，乃顾小利而不念骨肉！」孙权诺诺连声，答曰：「老母之训，岂敢有违！」遂叱退众官。国太恨恨而入。孙权立于轩下，自思：「此机会一失，荆襄何日可得？」",named_dialogue_transition
夏侯惇,关羽,1,1,0,1,"Chapter 28, P028-002: 言讫，便拍马挺鎗欲斗。只见后面一骑飞来，大叫「不可与云长交战！」关公按辔不动。来使于怀中取出公文，谓夏侯惇曰：「丞相敬爱关将军忠义，恐于路关隘拦截，故遣某持赍公文，遍行诸处。」惇曰：「关某于路，杀把关将士，丞相知否？」来使曰：「此却未知。」惇曰：「我只活捉他去见丞相，待丞相自放他。」关公怒曰：「吾岂惧汝耶！」拍马持刀，直取夏侯惇。",named_dialogue_transition
夏侯霸,姜维,1,1,1,0,"Chapter 107, P107-037: 却说姜维兵至牛头山，忽听得前军发喊，报说魏兵截住去路。维慌忙自到军前视之。陈泰大喝曰：「汝欲袭吾雍州！吾已等候多时了！」维怒，挺枪纵马，直取陈泰。泰挥刀而迎。战不三合，泰败走。维挥兵掩杀。雍州兵退回。占住山头。维收兵就牛头山下寨。维每日令兵搦战，不分胜负。夏侯霸谓姜维曰：「此处不是久停之所。连日交战，不分胜负，乃诱兵之计耳，必有异谋。不如暂退，再作良图。」",named_dialogue_transition
太史慈,诸葛瑾,1,1,0,1,"Chapter 53, P053-024: 少顷，太史慈入帐，言：「某手下有一人，姓戈，名定，与张辽手下养马后槽是弟兄。后槽被责怀怨，今晚使人报来，举火为号，刺杀张辽，以报宋谦之雠，某请引兵为外应。」权曰：「戈定何在？」太史慈曰：「已混入合淝城中去了。某愿乞五千兵去。」诸葛瑾曰：「张辽多谋，恐有准备，不可造次。」太史慈坚执要行，权因伤感宋谦之死，急要报雠，遂令太史慈引兵五千，去为外应。",named_dialogue_transition
孙权,吕蒙,1,1,0,1,"Chapter 76, P076-026: 言未毕，关平拔剑而前，欲斩诸葛瑾。公止之曰：「彼弟孔明在蜀，佐汝伯父，今若杀彼，伤其兄弟之情也。」遂令左右逐出诸葛瑾。瑾满面羞惭，上马出城，回见吴侯曰：「关公心如铁石，不可说也。」孙权曰：「真忠臣也！似此如之奈何？」吕范曰：「某请卜其休咎。」权即令卜之。范揲蓍成象，乃「地水师卦」，更有玄武临应，主敌人远奔。权问吕蒙曰：「卦主敌人远奔，卿以何策擒之？」蒙笑曰：「卦象正合某之机也。关公虽有冲天之翼，飞不出吾罗网矣！」正是：龙游沟壑遭虾戏，凤入牢笼被鸟欺。毕竟吕蒙之计若何，且看下文分解。",named_dialogue_transition
孙权,张昭,1,1,0,1,"Chapter 61, P061-007: 正沉吟间，只见张昭入问曰：「主公有何忧疑？」孙权曰：「正思适间之事。」张昭曰：「此极易也。今差心腹将一人，只带五百军，潜入荆州，下一封密书与郡主，只说国太病危，欲见亲女，取郡主星夜回东吴。玄德平生只有一子，就教带来。那时玄德定把荆州来换阿斗。如其不然，一任动兵，更有何碍？」权曰：「此计大妙！吾有一人，姓周名善，最有胆量；自幼穿房入户，多随吾兄。今可差他去。」昭曰：「切勿泄漏。只此便令起行。」",named_dialogue_transition
孙权,诸葛亮,1,1,0,1,"Chapter 43, P043-020: 献茶已毕，孙权曰：「多闻鲁子敬谈足下之才，今幸得相见，敢求教益。」孔明曰：「不才无学，有辱明问。」权曰：「足下近在新野，佐刘豫州与曹操决战，必深知彼军虚实。」孔明曰：「刘豫州兵微将寡，更兼新野城小无粮，安能与曹操相持？」权曰：「曹兵共有多少？」孔明曰：「马步水军，约有一百余万。」权曰：「莫非诈乎？」孔明曰：「非诈也。曹操就兖州已有青州军二十万；平了袁绍，又得五六十万；中原新招之兵三四十万；今又得荆州之军二三十万：以此计之，不下一百五十万。亮以百万言之，恐惊江东之士也。」",named_dialogue_transition
孙权,诸葛瑾,1,1,0,1,"Chapter 82, P082-004: 却说张昭见孙权曰：「诸葛子瑜知蜀兵势大，故假以请使为辞，欲背吴入蜀。此去必不回矣。」权曰：「孤与子瑜，有生死不易之盟。孤不负子瑜，子瑜亦不负孤。昔子瑜在柴桑时，孔明来吴，孤欲使子瑜留之。子瑜曰：「弟己事玄德，义无二心；弟之不留，犹瑾之不往。」其言足贯神明。今日岂肯降蜀乎？孤与子瑜可谓神交，非外言所得间也。」",named_dialogue_transition
庞统,孟达,1,1,1,0,"Chapter 62, P062-030: 却说玄德令黄忠，魏延各守一寨，自回涪城，与军师庞统商议。细作报说：「东吴孙权遣人结好东川张鲁，将欲来攻葭萌关。」玄德惊曰：「若葭萌关有失，截断后路，吾进退不得，当如之何？」庞统谓孟达曰：「公乃蜀中人，多知地理，去守葭萌关，如何？」达曰：「某保一人与某同去守关，万无一失。」玄德问何人。达曰：「此人曾在荆州刘表部下为中郎将，乃南郡枝江人。姓霍，名峻，字仲邈。」玄德大喜，即时遣孟达，霍峻守葭萌关去了。",named_dialogue_transition
庞统,法正,1,1,1,0,"Chapter 63, P063-004: 玄德见庞统再三催促，乃引军前进。黄忠同魏延接入寨去。庞统问法正曰：「前至雒城，有多少路？」法正画地作图。玄德取张松所遗图本对之，并无差错。法正言：「山北有条有大路，正取雒城东门；山南有条小路，却取雒城西门。两条路俱可进兵。」庞统谓玄德曰：「统令魏延为先锋，取南小路而进；主公令黄忠作先锋，从山北大路而进。并到雒城取齐。」玄德曰：「吾自幼熟于弓马，多行小路。军师可从大路去取东门，吾取西门。」庞统曰：「大路必有军邀拦，主公引兵当之。统取小路。」玄德曰：「军师不可。吾夜梦一神人，手执铁棒击吾右臂，觉来犹自臂痛。此行莫非不佳。」庞统曰：「壮士临阵，不死带伤，理之自然也。何故以梦寐之事疑心乎？」玄德曰：「吾所疑者，孔明之书也。军师还守涪关，如何？」庞统大笑曰：「主公被孔明所惑矣。彼不欲令统独成大功，故作此言以疑主公之心。心疑则致梦，何凶之有？统肝脑涂地，方称本心。主公再勿多言。来早准行。」当日传下号令，军士五更造饭，平明上马。黄忠，魏延领军先行。玄德再与庞统约定，忽坐下马眼生前失，把庞统掀将下来。玄德跳下马，自来笼住那马。玄德曰：「军师何故乘此劣马？」庞统曰：「此马乘久，不曾如此。」玄德曰：「临阵眼生，误人性命。吾所骑白马，性极驯熟。军师可骑，万无一失。劣马吾自乘之。」遂与庞统更换所骑之马。庞统谢曰：「深感主公厚恩。虽万死亦不能报也。」遂各上马取路而进。玄德见庞统去了，心中甚觉不快，怏怏而行。",named_dialogue_transition
张飞,赵云,1,1,0,1,"Chapter 34, P034-021: 却说玄德奔回新野，自知失言取祸，未对众人言之。忽使者至，请赴襄阳。孙干曰：「昨见主公匆匆而回，意甚不乐。愚意度之，在荆州必有事故。今忽请赴会，不可轻往。」玄德方将前项事诉与诸人。云长曰：「兄自疑心语失。刘荆州并无嗔责之意。外人之言，未可轻信。襄阳离此不远，若不去，则荆州反生疑矣。」玄德曰：「云长之言是也。」张飞曰：「筵无好筵，会无好会，不如休去。」赵云曰：「某将马步军三百人同往，可保主公无事。」玄德曰：「如此甚好。」",named_dialogue_transition
徐庶,刘备,1,1,0,1,"Chapter 36, P036-018: 二人相对而泣，坐以待旦。诸将已于郭外安排筵席饯行。玄德与徐庶并马出城，至长亭，下马相辞。玄德举杯谓徐庶曰：「备分浅缘薄，不能与先生相聚，望先生善事新主，以成功名。」庶泣曰：「某才微智浅，深荷使君重用。今不幸半途而别，实为老母故也。纵使曹操相迫，庶亦终身不设一谋。」玄德曰：「先生既去，刘备亦将远遁山林矣。」庶曰：「某所以与使君共图王霸之业者，恃此方寸耳。今以老母之故，方寸乱矣，纵使在此，无益于事。使君宜别求高贤辅佐，共图大业，何便灰心如此？」玄德曰：「天下高贤，无有出先生右者。」庶曰：「某樗栎庸材，何敢当此重誉。」临别，又顾谓诸将曰：「愿诸公善事使君，以图名垂竹帛，功标青史，切勿效庶之无始终也。」诸将无不伤感。玄德不忍相离，送了一程。又送一程。庶辞曰：「不劳使君远送，庶就此告别。」玄德就马上执庶之手曰：「先生此去，天各一方，未知相会却在何日！」说罢，泪如雨下。庶亦涕泣而别。",named_dialogue_transition
曹丕,贾诩,1,1,1,0,"Chapter 85, P085-003: 曹丕问贾诩曰：「朕欲一统天下：先取蜀乎？先取吴乎？」诩曰：「刘备雄才，更兼诸葛亮善能治国；东吴孙权，能识虚实，陆逊见屯兵于险要隔江泛湖，皆难卒谋。以臣观之，诸将之中，皆无孙权、刘备敌手。虽以陛下天威临之，亦未见万全之势也。只可持守，以待二国之变。」",named_dialogue_transition
曹叡,司马懿,1,1,0,1,"Chapter 96, P096-001: 却说献计者,乃尚书孙资也。曹叡问曰：「卿有何妙计？」资奏曰：「昔太祖武皇帝收张鲁时,危而后济;尝对群臣曰：『南郑之地,真为天狱。』中斜谷道为五百里石穴,非用武之地。今欲尽起天下之兵伐蜀,则东吴又将入寇。不如以现在之兵,分命大将据守险要,养精蓄锐。不过数年,中国日盛,吴﹑蜀二国,必自相残害，那时图之,岂非胜算？乞陛下裁之。」叡乃问司马懿曰：「此论若何？」懿奏曰：「孙尚书所言极当。」叡从之,命司马懿分拨诸将守把险要,留郭准﹑张郃守长安，大赏三车,驾回洛阳。",named_dialogue_transition
曹真,郭淮,1,1,0,1,"Chapter 93, P093-012: 孔明以扇指曹真曰：「吾不逼汝。汝可整顿军马，来日决战。」言讫回车。于是两军皆退。曹真将王朗尸首，用棺木盛贮，送回长安去了。副都督郭淮曰：「诸葛亮料吾军中治丧，今夜必来劫寨。可分兵四硌：两路兵从山僻小路，乘虚去劫蜀寨；两路兵伏于本寨外，左右击之。」曹真大喜曰：「此计与吾相合。」遂传令唤曹遵、朱赞两个先锋分付曰：「汝二人各引一万军，抄出祁山之后。但见蜀兵望吾寨而来，汝可进兵去劫蜀寨。如蜀兵不动，便撤兵回，不可轻进。」二人受计，引兵而去。真谓淮曰：「我两个各引一枝军，伏于寨外，寨中虚堆柴草，只留数人。如蜀兵到，放火为号。」诸将皆分左右，各自准备去了。",named_dialogue_transition
李儒,吕布,1,1,0,1,"Chapter 6, P006-010: 且说董卓行至荥阳地方，太守徐荣出接。李儒曰：「丞相新弃洛阳，防有追兵。可教徐荣伏军荥阳城外山坞之旁：若有兵追来，可竟放过；待我这里杀败，然后截住掩杀。令后来者不敢复追。」卓从其计，又令吕布引精兵遏后。布正行间，曹操一军赶上。吕布大笑曰：「不出李儒所料也」！将军马摆开。曹操出马，大叫：「逆贼！劫迁天子，流徙百姓，将欲何往？」吕布骂曰：「背主懦夫，何得妄言！」夏侯惇挺鎗跃马，直取吕布。战不数合，李傕引一军，从左边杀来，操急令夏侯渊迎敌。右边喊声又起，郭汜引军杀到，操急令曹仁迎敌。三路军马，势不可当。夏侯惇抵敌吕布不住，飞马回阵。布引铁骑掩杀，操军大败，回望荥阳而走。走至一荒山脚下，时约二更，月明如昼。方才聚集残兵。",named_dialogue_transition
法正,刘备,1,1,0,1,"Chapter 63, P063-004: 玄德见庞统再三催促，乃引军前进。黄忠同魏延接入寨去。庞统问法正曰：「前至雒城，有多少路？」法正画地作图。玄德取张松所遗图本对之，并无差错。法正言：「山北有条有大路，正取雒城东门；山南有条小路，却取雒城西门。两条路俱可进兵。」庞统谓玄德曰：「统令魏延为先锋，取南小路而进；主公令黄忠作先锋，从山北大路而进。并到雒城取齐。」玄德曰：「吾自幼熟于弓马，多行小路。军师可从大路去取东门，吾取西门。」庞统曰：「大路必有军邀拦，主公引兵当之。统取小路。」玄德曰：「军师不可。吾夜梦一神人，手执铁棒击吾右臂，觉来犹自臂痛。此行莫非不佳。」庞统曰：「壮士临阵，不死带伤，理之自然也。何故以梦寐之事疑心乎？」玄德曰：「吾所疑者，孔明之书也。军师还守涪关，如何？」庞统大笑曰：「主公被孔明所惑矣。彼不欲令统独成大功，故作此言以疑主公之心。心疑则致梦，何凶之有？统肝脑涂地，方称本心。主公再勿多言。来早准行。」当日传下号令，军士五更造饭，平明上马。黄忠，魏延领军先行。玄德再与庞统约定，忽坐下马眼生前失，把庞统掀将下来。玄德跳下马，自来笼住那马。玄德曰：「军师何故乘此劣马？」庞统曰：「此马乘久，不曾如此。」玄德曰：「临阵眼生，误人性命。吾所骑白马，性极驯熟。军师可骑，万无一失。劣马吾自乘之。」遂与庞统更换所骑之马。庞统谢曰：「深感主公厚恩。虽万死亦不能报也。」遂各上马取路而进。玄德见庞统去了，心中甚觉不快，怏怏而行。",named_dialogue_transition
王允,贾诩,1,1,0,1,"Chapter 9, P009-025: 且说李傕，郭汜，张济，樊稠逃居陕西，使人至长安上表求赦。王允曰：「卓之跋扈，皆此四人助之；今虽大赦天下，独不赦此四人。」使者回报李傕。傕曰：「求赦不得，各自逃生可也。」谋士贾诩曰：「诸君若弃军单行，则一亭长能缚君矣。不若诱集陕人，并本部军马，杀入长安，与董卓报雠。事济，奉朝廷以正天下；若其不胜，走亦未迟。」",named_dialogue_transition
程昱,郭嘉,1,1,0,1,"Chapter 21, P021-016: 次日，玄德面奏献帝。操令玄德总督五万人马，又差朱灵、路昭二人同行。玄德辞帝，帝泣送之。玄德到寓，星夜收拾军军器鞍马，挂了将军印，催促便行。董承赶出十里长亭来送。玄德曰：「国舅忍耐，某次行必有以报命。」承曰：「公宜留意，勿负帝心。」二人分别。关，张在马上问曰：「兄今番出征，何故如此慌速？」玄德曰：「吾乃笼中鸟，网中鱼。此一行如鱼入大海，鸟上青霁，不受笼网之羁绊也。」因命关，张催朱灵，路昭，军马速行。时郭嘉，程昱，考较钱粮方回，知曹操已遣玄德进兵徐州，慌入谏曰：「丞相何故令刘备督军？」操曰：「欲截袁术耳。」程昱曰：「昔刘备为豫州牧时，某等请杀之，丞相不听；今日又与之兵，此放龙入海，纵虎归山也。后欲治之，其可得乎？」郭嘉曰：「丞相纵不杀备，亦不当使之去。古人云：『一日纵敌，万世之患。』望丞相察之。」操然其言，遂令许褚将兵五百前往，务要追玄德转来。许褚应诺而去。",named_dialogue_transition
荀彧,郭嘉,1,1,0,1,"Chapter 24, P024-019: 且说曹操当夜取了小沛，随即进兵攻徐州。糜竺，简雍，守把不住，只弃城而走。陈登献了徐州。曹操大军入城，安民己毕，随唤众谋士议取下邛。荀彧曰：「云长保护玄德妻小，死守此城；若不速取，恐为袁绍所窃。」操曰：「吾素爱云长武艺人材，欲得之以为己用，不若令人说之使降。」郭嘉曰：「云长义气深重，必不肯降。若使人说之，恐被其害。」帐下一人出曰：「某与关公有一面之交，愿往说之。」众视之，乃张辽也。程昱曰：「文远虽与云长有旧，吾观此人，非可以言词说也。某有一计，使此人进退无路，然后用文远说之，彼必归丞相矣。」正是：整备窝弓射猛虎，安排香饵钓鳌鱼。未知其计若何，且看下文分解。",named_dialogue_transition
荀攸,郭嘉,1,1,0,1,"Chapter 18, P018-022: 却说简雍至许都见曹操，具言前事。操即聚众谋士议曰：「吾欲攻吕布，不忧袁绍掣肘，只恐刘表、张绣扰其后耳。」荀攸曰：「二人新破，未敢轻动。吕布骁勇，若更结连袁术，纵横淮、泗，急难图矣。」郭嘉曰：「今可乘其初叛，众心未附疾往击之。」",named_dialogue_transition
袁绍,关羽,1,1,0,1,"Chapter 5, P005-017: 忽探子来报：「华雄引铁骑下关，用长竿挑著孙太守赤帻，来寨前大骂搦战。」绍曰：「谁敢去战？」袁术背后转出骁将俞涉曰：「小将愿往。」绍喜，便著俞涉出马。即时报来：「俞涉与华雄战不三合，被华雄斩了。」众大惊。太守韩馥曰：「吾有上将潘凤，可斩华雄。」绍急令出战。潘凤手提大斧上马。去不多时，飞马来报：「潘凤又被华雄斩了。」众皆失色。绍曰：「可惜吾上将颜良、文丑未至！得一人在此，何惧华雄？」言未毕，阶下一人大呼出曰：「小将军愿往斩华雄头，献于帐下！」众视之，见其人身长九尺，髯长二尺；丹凤眼，卧蚕眉；面如重枣，声如巨钟；立于帐前。绍问何人。公孙瓒曰：「此刘玄德之弟关羽也。」绍问见居何职。瓒曰：「跟随刘玄德充马弓手。」帐上袁术大喝曰：「汝欺吾众诸侯无大将耶？量一弓手，安敢乱言！与我打出！」曹操急止之曰：「公路息怒：此人既出大言，必有勇略；试教出马，如其不胜，责之未迟。」袁绍曰：「使一弓手出战，必被华雄所笑。」操曰：「此人仪表不俗，华雄安知他是弓手？」关公曰：「如不胜，请斩某头。」",named_dialogue_transition
袁绍,曹操,1,1,0,1,"Chapter 3, P003-005: 太后乃降诏宣进。进得诏便行。主簿陈琳谏曰：「太后此诏，必是十常侍之谋，切不可去。去必有祸。」进曰：「太后诏我，有何祸事？」袁绍曰：「今谋已泄，事已露，将军尚欲入宫耶？」曹操曰：「先召十常侍出，然后可入。」进笑曰：「此小儿之见也。吾掌天下之权，十常侍敢待如何？」绍曰：「公必欲去，我等引甲士护从，以防不测。」",named_dialogue_transition
许褚,荀彧,1,1,0,1,"Chapter 14, P014-023: 操既定大事，乃设宴后堂，聚众谋士共议曰：「刘备屯兵徐州，自领州事；近吕布以兵败投之，备使居于小沛，若二人同心引兵来犯，乃心腹之患也。公等有何妙计可图之？」许褚曰：「愿借精兵五万，斩刘备、吕布之头，献于丞相。」荀彧曰：「将军勇则勇矣，不知用谋。今许都新定，未可造次用兵。彧有一计，名曰：『二虎竞食之计』。今刘备虽领徐州，未得诏命。明公可奏请诏命实授备为徐州牧，因密与一书，教杀吕布。事成则备无猛士为辅，亦渐可图；事不成，则吕布必杀备矣；此乃『二虎竞食之计』也。」操从其言，即时奏请诏命，遣使赍往徐州，封刘备为征东将军宜城亭侯，领徐州牧；并附密书一封。",named_dialogue_transition
诸葛亮,刘禅,1,1,0,1,"Chapter 101, P101-001: 却说孔明用减兵添灶之法，退兵到汉中；司马懿恐有埋伏，不敢追赶，亦收兵回长安去了；因此罢兵不曾折了一人。孔明大赏三军已毕，回到成都，入见后主，奏曰：「老臣出了祁山，欲取长安，承陛下降诏召回，不知有何大事？」后主无言可对；良久乃曰：「朕久不见丞相之面，心甚思慕，故特诏同，别无他事。」孔明曰：「此非陛下本心，必有奸臣谗言，言臣有异志也。」后主闻言，默然无语。孔明曰：「老臣受先帝厚恩，誓以死报。今若内有奸邪，臣何能讨贼乎？」后主曰：「朕因过听宦官之言，一时召丞臣相。今日茅塞方开，悔之不及矣。」孔明遂唤众宦官究问，方知是茍安流言；急令人补之，已投魏国去了。孔明将妄奏的宦官诛戮，余皆废出宫外；又深责蒋琬、费祎等不能觉察奸邪，规谏天子。二人唯唯服罪。",named_dialogue_transition
诸葛亮,庞统,1,1,0,1,"Chapter 60, P060-016: 饮酒间，玄德只说闲话，并不提起西川之事。松以言挑之曰：「今皇叔守荆州，还有几郡？」孔明曰：「荆州乃暂借东吴的，每每使人取讨。今我主因是东吴女婿，故权且在此安身。」松曰：「东吴据六郡八十一州，民强国富，犹且不知足耶？」庞统曰：「吾主汉朝皇叔，反不能占据州郡；其他皆汉之蟊贼，却都恃强侵占地土；惟智者不平焉。」玄德曰：「二公休言。吾有何德，敢多望乎？」松曰：「不然，明公乃汉室宗亲，仁义充塞乎四海。休道占据州郡，便代正统而居帝位，亦非分外。」玄德拱手谢曰：「公言太过，备何敢当？」",named_dialogue_transition
诸葛亮,赵云,1,1,0,1,"Chapter 87, P087-011: 赵云、魏延见孔明不用，各有愠色。孔明曰：「吾非不用汝二人，但恐涉险入深，为蛮人所算，失其锐气耳。」赵云曰：「倘我等识地理，若何？」孔明曰：「汝二人只宜小心，休得妄动。」二人快快而退。赵云请魏延到自已寨内商议曰；「吾二人为先锋，却说不识地理而不肯用。今用此后辈，吾等岂不羞乎？」延曰：「吾二人只今就上马，亲去探之；捉住土人，便教引进，以敌蛮兵，大事可成。」云从之，遂上马迳取中路而来。方行不数里，远远望见尘头大起。二人上山坡看时，果见数十骑蛮兵，纵马而来。二人两路冲出。蛮兵见了，大惊而走。",named_dialogue_transition
诸葛亮,邓芝,1,1,0,1,"Chapter 92, P092-004: 次日，夏侯楙复整金鼓旗旛，率兵而进。赵云、邓芝出迎。芝在马上谓赵云曰：「昨夜魏兵大败而走，今日复来，必有诈也，老将军防之。」子龙曰：「量此乳臭小儿，何足道哉！吾今日必当擒之！」便跃马而出，魏将潘遂出迎，战不三合，拨马便走。赵云赶去，魏阵中八员将一齐来迎。放过夏侯楙先走，八将陆续奔走。赵云乘势追杀，邓芝引兵继进。赵云深入重地，只听得四面喊声大震。邓芝急收军退回，左有董禧，右有薛则，两路兵杀到。邓芝兵少，不能解救。赵云被困在垓心，东冲西突，魏兵越厚。时云手下止有千余人，杀到山坡之下，只见夏侯楙在山上指挥三军。赵云投东则望东指，投西则望西指：因此赵云不能突围，乃引兵欲上山来。半山中擂木砲石打将下来，不能上山。赵云从辰时杀至酉时，不能得走出，只得下马少歇，且待月明再战。却才卸甲而坐，月光方出，忽四下火光冲天，鼓声大震，矢石如雨，魏兵杀到，皆叫曰：「赵云早降！」云急上马迎敌、四面军马渐渐逼近，八方弩箭交射甚急，人马皆不能向前。云仰天叹曰：「吾不服老，死于此地矣！」忽东北角上喊声大起，魏兵纷纷乱窜。一彪军杀到，为首大将持丈八点钢矛，马项下挂一颗人头，云视之，乃张苞也。苞见赵云，言曰：「丞相恐老将军有失，特遣某引军五千兵接应。闻老将军被困，故杀透重围。正遇魏将薛则，被某杀之。」云大喜，即与张苞杀出西北角来。只见魏兵弃戈奔走。一彪军从外呐喊杀入，为首大将提偃月青龙刀，手挽人头。云视之，乃关兴也。兴曰：「奉丞相之命，恐老将军有失，特引五千兵前来接应。却才阵上逢著魏将董禧，被吾一刀斩之，枭道在此。丞相随后便到也。」云曰：「二将军已建奇功，不趁今日擒住夏侯楙，以定大事？」张苞闻言，遂引兵去了。兴曰：「我也干功去。」亦引兵去了。云回顾左右曰：「他两个是吾子姪辈，尚且争先干功；吾乃国家上将，朝廷旧臣，反不如此小辈耶？吾当舍老命以报先帝之恩！」于是引兵来捉夏侯楙。当夜三路兵夹攻，大破魏军一阵。邓芝引兵接应，杀得尸横遍野，血流成河。夏侯楙乃无谋之人，更兼年幼，不曾经战；见军大乱，遂引帐下骁将百余人，望南安郡而走。众军因见无主，尽皆逃窜。兴、苞二将，闻夏侯楙望南安郡去了，连夜赶来。楙走入城中，紧闭城门，驱兵守御。兴、苞二人赶到，将城围住；赵云随后也到：三面攻打。少时，邓芝亦引兵到。一连围了十日，攻打不下。忽报丞相留后军住沔阳，左军屯阳平，右军屯石城，自引中军来到。赵云、邓芝郡关兴、张苞皆来拜问孔明，说连日攻城不下。孔明遂乘小车亲到城边周围看了一遍，回寨升帐而坐。众将环立听令。孔明曰：「此郡壕深成峻，不易攻也。吾正事不在此城，如汝等只久攻，倘魏兵分道而出，以取汉中，吾军危矣。」邓芝曰：「夏侯楙乃魏之驸马，若擒此人，胜斩百将。今困于此，岂可弃之而去？」孔明曰：「吾自有计。此处西连天水郡，北抵安定郡；二处太守，不知何人？」探卒答曰：「天水太守马遵，安定太守崔谅。」孔明大喜，乃唤魏延受计，如此如此；又唤关兴、张苞受计，如此如此；又唤心腹军士二人受计，如此行之。各将领命，引兵而去。孔明却在南安城外，令军运迆草堆于城下，口称烧城。魏兵闻知，皆大笑不惧。",named_dialogue_transition
诸葛亮,鲁肃,1,1,0,1,"Chapter 46, P046-004: 瑜大喜，唤军政司当面取了文书，置酒相待曰：「待军事毕后，自有酬劳。」孔明曰：「今日已不及，来日造起。至第三日，可差五百小军到江边搬箭。」饮了数杯，辞去。鲁肃曰：「此人莫非诈乎？」瑜曰：「他自送死，非我逼他。今明白对众要了文书，他便两胁生翅，也飞不去。我只分付军匠人等，教他故意迟延，凡应用物件，都不与齐备。如此，必然误了日期。那时定罪，有何理说？公今可去探他虚实，却来回报。」",named_dialogue_transition
诸葛亮,黄忠,1,1,0,1,"Chapter 71, P071-018: 却说黄忠斩了夏侯渊首级，来葭萌关上见玄德献功。玄德大喜，加忠为征西大将军，设宴庆贺。忽牙将张著来报说：「曹操自引大军二十万，来与夏侯渊报雠。目今张郃在米仓山搬运粮草，移于汉水北山脚下。」孔明曰：「今操引大兵至此，恐粮草不敷，故勒兵不进；若得一人深入其境，烧其粮草，夺其辎重，则操之锐气挫矣。」黄忠曰：「老夫愿当此任。」孔明曰：「操非夏侯渊之比，不可轻敌。」玄德曰：「夏侯渊虽是总帅，乃一勇夫耳，安及张郃﹖若斩得张郃，胜斩夏侯渊十倍也。」忠奋然曰：「吾愿往斩之。」孔明曰：「你可与赵子龙同领一枝兵去；凡事计议而行，看谁立功。」忠应允便行。孔明就令张著为副将同去。云谓忠曰：「今操引二十万众，分屯十营，将军在主公前要去夺粮，非小可之事。将军当用何策﹖」忠曰：「看我先去，如何﹖」云曰：「等我先去。」忠曰：「我是主将，你是副将，如何争先﹖」云曰：「我与你都一般为主公出力，何必计较﹖我二人拈阄，拈著的先去。」忠依允。当时黄忠拈著先去。云曰：「既将军先去，某当相助。可约定时刻。如将军依时而还，某按兵不动；若将军过时而不还，某即引军来接应。」忠曰：「公言是也。」",named_dialogue_transition
诸葛瑾,周瑜,1,1,0,1,"Chapter 44, P044-004: 程普等别去。又未几，诸葛瑾、吕范等一班儿文官相候。瑜迎入，讲礼毕。诸葛瑾曰：「舍弟诸葛亮自汉上来，言刘豫州欲结东吴，共伐曹操，文武商议未定。因舍弟为使，瑾不敢多言，专候都督来决此事。」瑜曰：「以公论之若何？」瑾曰：「降者易安，战者难保。」周瑜笑曰：「瑜自有主张。来日同至府下定议。」",named_dialogue_transition
贾诩,刘表,1,1,0,1,"Chapter 18, P018-007: 且说荀彧探知袁绍欲兴兵犯许都，星夜驰书报曹操。操得书心慌，即日回兵。细作报知张绣，绣欲追之。贾诩曰：「不可追也，追之必败。」刘表曰：「今日不追，坐失机会矣。」力劝绣引军万余同往追之。约行十余里，赶上曹军后队。曹军奋力接战，绣、表两军大败而还。绣谓诩曰：「不用公言，果有此败。」诩曰：「今可整兵再往追之。」绣与表俱曰：「今已败，奈何复追？」诩曰：「今番追去，必获大胜，如其不然，请斩吾首。」绣信之。刘表疑虑，不肯同往。绣乃自引一军往追，操兵果然大败，军马辎重，连路散弃而走。",named_dialogue_transition
贾诩,许褚,1,1,0,1,"Chapter 66, P066-032: 此时曹操威势日甚，会大臣商议收吴灭蜀之事。贾诩曰：「须召夏侯惇，曹仁二人回，商议此事。」操即时发使，星夜唤回。夏侯惇未至，曹仁先到，连夜便入府中见操。操方被酒而卧，许褚仗剑立于堂门之内。曹仁欲入，被许褚当住。曹仁大怒曰：「吾乃曹氏宗族，汝何敢阻当耶﹖」许褚曰：「将军虽亲，乃外藩镇守之官；许褚虽疏，现充内侍。主公醉卧堂上，不敢放入。」曹操闻之，叹曰：「许褚真忠臣也！」",named_dialogue_transition
贾诩,郭汜,1,1,0,1,"Chapter 10, P010-004: 当下李傕，郭汜，张济，樊稠闻二军将至，一同商议御敌之策。谋士贾诩曰：「二军远来，只宜深沟高垒，坚守以拒之。不过百日，彼兵粮尽，必将自退，然后引兵追之，二将可擒矣。」李蒙、王方出曰：「此非好计。愿借精兵万人，立斩马腾、韩遂之头，献于麾下。」贾诩曰：「今若即战，必当败绩。」李蒙、王方齐声曰：「若吾二人败，情愿斩首；吾若战胜，公亦当输首级与我。」诩谓李傕、郭汜曰：「长安西二百里盩厔山，其路险崚，可使张、樊两将军屯兵于此，坚壁守之；待李蒙、王方自引兵迎敌，可也。」李傕、郭汜从其言，点一万五千人马与李蒙、王方。二人忻喜而去，离长安二百八十里下寨。西凉兵到，两个引军迎去。西凉军马拦路摆开阵势。马腾、韩遂联辔而出，指李蒙、王方骂曰：「反国之贼！谁去擒之？」",named_dialogue_transition
郭嘉,曹操,1,1,0,1,"Chapter 11, P011-025: 曹操兵行至泰山险路，郭嘉曰：「且不可进：恐此处有伏兵。」曹操笑曰：「吕布无谋之辈，故教薛兰守兖州，自往濮阳；安得此处有埋伏耶？」教曹仁领一军围兖州，吾进兵濮阳，速攻吕布。",named_dialogue_transition
郭嘉,程昱,1,1,0,1,"Chapter 24, P024-019: 且说曹操当夜取了小沛，随即进兵攻徐州。糜竺，简雍，守把不住，只弃城而走。陈登献了徐州。曹操大军入城，安民己毕，随唤众谋士议取下邛。荀彧曰：「云长保护玄德妻小，死守此城；若不速取，恐为袁绍所窃。」操曰：「吾素爱云长武艺人材，欲得之以为己用，不若令人说之使降。」郭嘉曰：「云长义气深重，必不肯降。若使人说之，恐被其害。」帐下一人出曰：「某与关公有一面之交，愿往说之。」众视之，乃张辽也。程昱曰：「文远虽与云长有旧，吾观此人，非可以言词说也。某有一计，使此人进退无路，然后用文远说之，彼必归丞相矣。」正是：整备窝弓射猛虎，安排香饵钓鳌鱼。未知其计若何，且看下文分解。",named_dialogue_transition
郭嘉,荀彧,1,1,0,1,"Chapter 19, P019-030: 却说曹操攻城，两月不下，忽报：「河内太守张扬出兵东市，欲救吕布；部将杨丑杀之，欲将头献丞相，欲被张扬心腹将眭固所杀，反投大城去了。」操闻报，即遣史涣追斩眭固。因聚众将曰：「张扬虽幸自灭，然北有袁绍之忧，东有表、绣之患，下邳久围不克。吾欲舍布还都，暂且息战，何如？」荀攸急止曰：「不可，吕布屡败，锐气已堕。军以将为主，将衰则军无战心。彼陈宫虽有谋而迟，今布之气未复，宫之谋未定，作速政之，布可擒也。」郭嘉曰：「某有一计，下邳城可立破，胜于二十万师。」荀彧曰：「莫非决沂、泗之水乎？」嘉笑曰：「正是此意。」",named_dialogue_transition
郭淮,司马懿,1,1,1,0,"Chapter 101, P101-018: 郭淮告司马懿曰：「今与蜀兵相持许久，无策可退；目下又被杀了一阵，折伤三千余人；若不早图，日后难退矣。」懿曰：「当复如何？」淮曰：「可发檄文调雍、凉人马并力剿杀。吾愿引军袭剑阁，截其归路，使彼粮草不通，三军慌乱。那时乘势击之，敌可灭矣。」懿从之，及发檄文星夜往雍、凉调拨人马。不一日，大将孙礼引诸郡人马到。懿即令孙礼约会郭淮去袭剑阁。",named_dialogue_transition
郭淮,曹真,1,1,1,0,"Chapter 94, P094-001: 却说郭淮谓曹真曰：「西羌之人，自太祖时连年入贡，文皇帝亦有恩惠加之；我等今可据住险阻，遣人从小路直入羌中求救，许以和亲，羌人必起兵袭蜀之后。吾却以大兵击之，首尾夹攻，岂不大胜？」真从之，即遣人星夜驰书赴羌。",named_dialogue_transition
陈登,刘备,1,1,0,1,"Chapter 11, P011-021: 且说来使回徐州，入城见陶谦，呈上书札，言曹兵已退。谦大喜，差人请孔融，田楷，云长，子龙等赴城大会。饮宴既毕，谦延玄德于上座，拱手对众曰：「老夫年迈，二子不才，不堪国家重任。刘公乃帝室之胄，德广才高，可领徐州。老夫情愿乞闲养病。」玄德曰：「孔文举令备来救徐州，为义也；今无端据而有之，天下将以备为无义人矣。」糜竺曰：「今汉室陵迟，海宇颠覆，树功立业，正在此时。徐州殷富，户口百万，刘使君领此，不可辞也。」玄德曰：「此事决不敢应命。」陈登曰：「陶府君多病，不能视事，明公勿辞。」玄德曰：「袁公路四世三公，海内所归，近在寿春，何不以州让之？」孔融曰：「袁公路冢中枯骨，何足挂齿！今日之事，天与不取，悔不可追。」",named_dialogue_transition
魏延,刘备,1,1,0,1,"Chapter 62, P062-027: 却说玄德立起免死旗，但川兵倒戈卸甲者，并不许杀害，如伤者偿命；又谕众降兵曰：「汝川人皆有父母妻子，愿降者充军，不愿降者放回。」于是欢声动地。黄忠安下寨脚，迳来见玄德，说魏延违了军令，可斩之，玄德急召魏延，魏延解冷苞至。玄德曰：「延虽有罪，此功可赎。」令魏延谢黄忠救命之恩，今后毋得相争。魏延顿首伏罪。玄德重赏黄忠。使人押冷苞到帐下，玄德去其缚，赐酒压惊，问日：「汝肯降否？」冷苞曰：「既蒙免死，如何不降？刘瑰，张任与某为生死之交；若肯放某回去，当即招二人来降，就献雒城。」玄德大喜，便赐衣服鞍马，令回雒城。魏延曰：「此人不可放回。若脱身一去，不复来矣。」玄德曰：「吾以仁义待人，人不负我。」",named_dialogue_transition
魏延,诸葛亮,1,1,0,1,"Chapter 97, P097-019: 孔明心中忧闷。忽报：「东边救兵到了，旗上大书魏先锋大将王双」。孔明问曰：「谁可迎之？」魏延曰：「某愿往。」孔明曰：「汝乃先锋大将，未可轻出。」又问：「谁敢迎之？」裨将谢雄应声而出。孔明与三千军去了。孔明又问曰：「谁敢再去？」裨将龚起应声要去。孔明亦与三千军去了。孔明恐城内郝昭引兵冲出乃把人马退二十里下寨。",named_dialogue_transition
鲁肃,刘备,1,1,0,1,"Chapter 42, P042-025: 计议已定，使人迎接鲁肃。肃入城吊丧，收过礼物，刘琦请肃与玄德相见。礼毕，邀入后堂饮酒。肃曰：「久闻皇叔大名，无缘拜会；今幸得见，实为欣慰。近闻皇叔与曹操会战，必知彼虚实：敢问操军约有几何？」玄德曰：「备兵微将寡，一闻操至即走，竟不知彼虚实。」鲁肃曰：「闻皇叔用诸葛孔明之谋，两场火烧得曹操魂亡胆落，何言不知耶？」玄德曰：「除非问孔明，便知其详。」肃曰：「孔明安在？愿求一见。」",named_dialogue_transition
鲁肃,庞统,1,1,0,1,"Chapter 57, P057-012: 统长叹一声而出。鲁肃曰：「主公何不用庞士元？」权曰：「狂士也，用之何益？」肃曰：「赤壁鏖兵之时，此人曾献连环策，成第一公。主公想必知之。」权曰：「此时乃曹操自欲钉船，未必此人之功也。吾誓不用之。」鲁肃出谓庞统曰：「非肃不荐足下，奈吴侯不肯用公。公且耐心。」统低头长叹不语。肃曰：「公莫非无意于吴中乎？」统不答。肃曰：「公抱匡济之才，何往不利？可实对肃言，将欲何往？」统曰：「吾欲投曹操去也。」肃曰：「此明珠暗投矣。可往荆州投刘皇叔，必然重用。」统曰：「统意实欲如此，前言戏耳。」肃曰：「某当作书奉荐。公辅玄德，必令孙刘两家，无相攻击，同力破曹。」统曰：「此某平生之素志也。」乃求肃书，迳往荆州来见玄德。",named_dialogue_transition
黄忠,刘备,1,1,0,1,"Chapter 63, P063-010: 玄德一行军马，再入涪关。问庞统消息。有落凤坡逃得性命的军士，报说：「军师连人带马，被乱箭射死于坡前。」玄德闻言，望西痛哭不已，遥为招魂设祭。诸将皆哭。黄忠曰：「今番折了庞统军师，张任必然来攻打涪关，如之奈何？不若差人往荆州，请诸葛军师来商议收川之计。」正说之间，人报「张任引军直临城下搦战。」黄忠，魏延皆西要出战。玄德曰：「锐气新挫，宜坚守以待军师来到。」黄忠魏延领命，只紧守城池。玄德写一封书，教关平分付：「你与我往州请军师去。」关平领了书，星夜往荆州来。玄德自守涪关，并不出战。",named_dialogue_transition
黄忠,诸葛亮,1,1,0,1,"Chapter 71, P071-018: 却说黄忠斩了夏侯渊首级，来葭萌关上见玄德献功。玄德大喜，加忠为征西大将军，设宴庆贺。忽牙将张著来报说：「曹操自引大军二十万，来与夏侯渊报雠。目今张郃在米仓山搬运粮草，移于汉水北山脚下。」孔明曰：「今操引大兵至此，恐粮草不敷，故勒兵不进；若得一人深入其境，烧其粮草，夺其辎重，则操之锐气挫矣。」黄忠曰：「老夫愿当此任。」孔明曰：「操非夏侯渊之比，不可轻敌。」玄德曰：「夏侯渊虽是总帅，乃一勇夫耳，安及张郃﹖若斩得张郃，胜斩夏侯渊十倍也。」忠奋然曰：「吾愿往斩之。」孔明曰：「你可与赵子龙同领一枝兵去；凡事计议而行，看谁立功。」忠应允便行。孔明就令张著为副将同去。云谓忠曰：「今操引二十万众，分屯十营，将军在主公前要去夺粮，非小可之事。将军当用何策﹖」忠曰：「看我先去，如何﹖」云曰：「等我先去。」忠曰：「我是主将，你是副将，如何争先﹖」云曰：「我与你都一般为主公出力，何必计较﹖我二人拈阄，拈著的先去。」忠依允。当时黄忠拈著先去。云曰：「既将军先去，某当相助。可约定时刻。如将军依时而还，某按兵不动；若将军过时而不还，某即引军来接应。」忠曰：「公言是也。」",named_dialogue_transition
黄忠,赵云,1,1,1,0,"Chapter 72, P072-001: 却说徐晃引军渡汉水，王平苦谏不听，渡过汉水扎营。黄忠，赵云，告玄德曰：「某等各引本部兵去迎曹兵。」玄德应允。二人引兵而行。忠谓云曰：「今徐晃恃勇而来，且休与敌；待日暮兵疲，你我分兵两路击之，可也。」云然之，各引一军据住寨栅。徐晃引兵从辰时搦战，直至申时，蜀兵不动。晃尽教弓弩手向前，望蜀营射去。黄忠谓赵云曰：「徐晃令弓弩射者，其军必将退也；可乘时击之。」",named_dialogue_transition
黄忠,魏延,1,1,0,1,"Chapter 62, P062-019: 黄忠大喜，即领本部兵马，谢了要行。忽帐下一人出曰：「老将军年纪高大，如何去得？小将不才愿往。」玄德视之，乃是魏延。黄忠曰：「我已领下将令，你如何敢搀越？」魏延曰：「老将不以筋骨为能。吾闻冷苞，邓贤，乃蜀中名将，血气方刚。恐老将军擒他不得，岂不误了主公大事？因此愿相替，本是好意。」黄忠大怒曰：「汝说吾老，敢与我比试武艺么？」魏延曰：「就主公之前，当面比试。赢得的便去，何如？」",named_dialogue_transition
黄盖,诸葛亮,1,1,1,0,"Chapter 43, P043-017: 众视其人，乃零陵人，姓黄，名盖，字公覆，现为东吴粮官。当时黄盖谓孔明曰：「愚闻多言获利，不如默而无言。何不将金石之论为我主言之，乃与众人辩论也？」孔明曰：「诸君不知世务，互相问难，不容不答耳。」",named_dialogue_transition
